{"parameters/model.lstm.weight_ih_l0": {"_type": "histogram", "values": [4.0, 3.0, 4.0, 5.0, 7.0, 4.0, 7.0, 6.0, 5.0, 7.0, 6.0, 5.0, 5.0, 5.0, 6.0, 4.0, 9.0, 3.0, 6.0, 5.0, 9.0, 7.0, 11.0, 7.0, 2.0, 8.0, 4.0, 5.0, 6.0, 8.0, 7.0, 7.0, 5.0, 8.0, 3.0, 10.0, 5.0, 10.0, 8.0, 4.0, 3.0, 8.0, 6.0, 1.0, 4.0, 9.0, 9.0, 7.0, 6.0, 6.0, 7.0, 6.0, 9.0, 6.0, 4.0, 4.0, 6.0, 9.0, 5.0, 4.0, 11.0, 7.0, 4.0, 3.0], "bins": [-0.30018380284309387, -0.2908826172351837, -0.28158140182495117, -0.272280216217041, -0.26297900080680847, -0.2536778151988983, -0.24437659978866577, -0.23507541418075562, -0.22577419877052307, -0.21647299826145172, -0.20717179775238037, -0.19787059724330902, -0.18856939673423767, -0.17926819622516632, -0.16996699571609497, -0.16066581010818481, -0.15136460959911346, -0.14206340909004211, -0.13276220858097076, -0.12346100807189941, -0.11415980756282806, -0.10485860705375671, -0.09555741399526596, -0.08625621348619461, -0.07695502042770386, -0.06765381991863251, -0.05835261940956116, -0.049051422625780106, -0.039750222116708755, -0.030449021607637405, -0.021147824823856354, -0.011846624314785004, -0.0025454163551330566, 0.006755783222615719, 0.016056982800364494, 0.025358181446790695, 0.034659381955862045, 0.043960582464933395, 0.05326177924871445, 0.0625629797577858, 0.07186418771743774, 0.0811653882265091, 0.09046658873558044, 0.0997677892446518, 0.10906898975372314, 0.1183701902627945, 0.12767139077186584, 0.136972576379776, 0.14627377688884735, 0.1555749773979187, 0.16487617790699005, 0.1741773784160614, 0.18347857892513275, 0.1927797794342041, 0.20208096504211426, 0.2113821804523468, 0.22068336606025696, 0.2299845665693283, 0.23928576707839966, 0.248586967587471, 0.25788816809654236, 0.2671893537044525, 0.27649056911468506, 0.2857917547225952, 0.29509297013282776]}, "parameters/model.lstm.weight_hh_l0": {"_type": "histogram", "values": [8.0, 2.0, 10.0, 9.0, 8.0, 10.0, 9.0, 8.0, 6.0, 10.0, 10.0, 4.0, 10.0, 11.0, 7.0, 2.0, 11.0, 18.0, 16.0, 16.0, 11.0, 3.0, 11.0, 9.0, 11.0, 14.0, 12.0, 8.0, 9.0, 9.0, 7.0, 8.0, 10.0, 7.0, 14.0, 9.0, 7.0, 4.0, 4.0, 8.0, 11.0, 7.0, 11.0, 8.0, 13.0, 10.0, 14.0, 9.0, 8.0, 9.0, 6.0, 12.0, 10.0, 7.0, 5.0, 12.0, 10.0, 11.0, 8.0, 9.0, 9.0, 7.0, 5.0, 5.0], "bins": [-0.29905933141708374, -0.2897208333015442, -0.280382364988327, -0.27104389667510986, -0.2617053985595703, -0.25236690044403076, -0.2430284321308136, -0.23368994891643524, -0.22435146570205688, -0.21501298248767853, -0.20567449927330017, -0.19633601605892181, -0.18699753284454346, -0.1776590496301651, -0.16832056641578674, -0.1589820832014084, -0.14964359998703003, -0.14030511677265167, -0.13096663355827332, -0.12162815034389496, -0.1122896671295166, -0.10295118391513824, -0.09361270070075989, -0.08427421748638153, -0.07493573427200317, -0.06559725105762482, -0.05625876784324646, -0.0469202846288681, -0.037581801414489746, -0.02824331820011139, -0.018904834985733032, -0.009566351771354675, -0.00022789835929870605, 0.009110584855079651, 0.018449068069458008, 0.027787551283836365, 0.03712603449821472, 0.04646451771259308, 0.055803000926971436, 0.06514148414134979, 0.07447996735572815, 0.0838184505701065, 0.09315693378448486, 0.10249541699886322, 0.11183390021324158, 0.12117238342761993, 0.1305108666419983, 0.13984934985637665, 0.149187833070755, 0.15852631628513336, 0.16786479949951172, 0.17720328271389008, 0.18654176592826843, 0.1958802491426468, 0.20521873235702515, 0.2145572155714035, 0.22389569878578186, 0.23323418200016022, 0.24257266521453857, 0.2519111633300781, 0.2612496316432953, 0.27058809995651245, 0.279926598072052, 0.28926509618759155, 0.2986035645008087]}, "parameters/model.lstm.bias_ih_l0": {"_type": "histogram", "values": [1.0, 1.0, 3.0, 0.0, 1.0, 1.0, 0.0, 1.0, 1.0, 1.0, 0.0, 2.0, 1.0, 1.0, 1.0, 0.0, 1.0, 0.0, 1.0, 0.0, 0.0, 1.0, 0.0, 1.0, 0.0, 1.0, 0.0, 0.0, 1.0, 0.0, 0.0, 0.0, 0.0, 0.0, 3.0, 1.0, 0.0, 1.0, 0.0, 2.0, 1.0, 0.0, 1.0, 2.0, 2.0, 0.0, 1.0, 0.0, 1.0, 0.0, 0.0, 1.0, 0.0, 1.0, 3.0, 1.0, 0.0, 0.0, 0.0, 1.0, 2.0, 0.0, 2.0, 1.0], "bins": [-0.2697634696960449, -0.2614075839519501, -0.25305166840553284, -0.2446957677602768, -0.23633986711502075, -0.2279839813709259, -0.21962808072566986, -0.21127218008041382, -0.20291627943515778, -0.19456037878990173, -0.1862044781446457, -0.17784857749938965, -0.1694926917552948, -0.16113677620887756, -0.15278089046478271, -0.14442498981952667, -0.13606908917427063, -0.1277131885290146, -0.11935728788375854, -0.1110013946890831, -0.10264549404382706, -0.09428959339857101, -0.08593370020389557, -0.07757779955863953, -0.06922189891338348, -0.06086599826812744, -0.0525101013481617, -0.04415420442819595, -0.03579830378293991, -0.02744240313768387, -0.019086506217718124, -0.01073060929775238, -0.00237467885017395, 0.005981219932436943, 0.014337118715047836, 0.02269301749765873, 0.031048916280269623, 0.039404816925525665, 0.04776071384549141, 0.05611661076545715, 0.0644725114107132, 0.07282841205596924, 0.08118431270122528, 0.08954020589590073, 0.09789610654115677, 0.10625200718641281, 0.11460790038108826, 0.1229638010263443, 0.13131970167160034, 0.13967560231685638, 0.14803150296211243, 0.15638740360736847, 0.1647433042526245, 0.17309918999671936, 0.1814550906419754, 0.18981099128723145, 0.1981668919324875, 0.20652279257774353, 0.21487869322299957, 0.22323459386825562, 0.23159047961235046, 0.2399463951587677, 0.24830228090286255, 0.2566581964492798, 0.26501408219337463]}, "parameters/model.lstm.bias_hh_l0": {"_type": "histogram", "values": [2.0, 2.0, 1.0, 1.0, 1.0, 0.0, 0.0, 1.0, 0.0, 0.0, 0.0, 0.0, 2.0, 0.0, 2.0, 2.0, 0.0, 0.0, 1.0, 1.0, 1.0, 2.0, 0.0, 0.0, 1.0, 0.0, 0.0, 3.0, 1.0, 0.0, 0.0, 1.0, 0.0, 1.0, 0.0, 2.0, 0.0, 1.0, 1.0, 0.0, 0.0, 1.0, 0.0, 0.0, 1.0, 1.0, 1.0, 1.0, 0.0, 0.0, 4.0, 2.0, 1.0, 2.0, 1.0, 0.0, 0.0, 1.0, 0.0, 0.0, 1.0, 0.0, 0.0, 1.0], "bins": [-0.2845451831817627, -0.2754032015800476, -0.26626119017601013, -0.25711920857429504, -0.24797721207141876, -0.23883521556854248, -0.2296932190656662, -0.22055122256278992, -0.21140924096107483, -0.20226724445819855, -0.19312524795532227, -0.18398326635360718, -0.1748412698507309, -0.16569927334785461, -0.15655727684497833, -0.14741528034210205, -0.13827328383922577, -0.1291312873363495, -0.1199892982840538, -0.11084730178117752, -0.10170531272888184, -0.09256331622600555, -0.08342131972312927, -0.07427933067083359, -0.06513732671737671, -0.055995333939790726, -0.04685334116220474, -0.03771134465932846, -0.028569351881742477, -0.019427359104156494, -0.010285362601280212, -0.0011433735489845276, 0.007998615503311157, 0.01714060828089714, 0.026282602921128273, 0.035424597561359406, 0.04456659033894539, 0.05370858311653137, 0.06285057961940765, 0.07199256867170334, 0.08113455772399902, 0.0902765542268753, 0.09941854327917099, 0.10856053978204727, 0.11770252883434296, 0.12684452533721924, 0.13598652184009552, 0.1451285183429718, 0.15427051484584808, 0.16341251134872437, 0.17255450785160065, 0.18169650435447693, 0.19083848595619202, 0.1999804824590683, 0.20912247896194458, 0.21826446056365967, 0.22740647196769714, 0.23654846847057343, 0.2456904649734497, 0.2548324465751648, 0.26397445797920227, 0.27311643958091736, 0.28225845098495483, 0.2914004325866699, 0.300542414188385]}, "parameters/model.fc.weight": {"_type": "histogram", "values": [1.0, 0.0, 0.0, 0.0, 0.0, 0.0, 0.0, 1.0, 0.0, 0.0, 0.0, 0.0, 0.0, 1.0, 0.0, 0.0, 0.0, 0.0, 1.0, 0.0, 0.0, 0.0, 0.0, 0.0, 0.0, 0.0, 0.0, 0.0, 0.0, 0.0, 0.0, 1.0, 0.0, 0.0, 0.0, 1.0, 0.0, 0.0, 0.0, 1.0, 0.0, 0.0, 0.0, 0.0, 0.0, 1.0, 0.0, 0.0, 1.0, 0.0, 1.0, 0.0, 0.0, 0.0, 0.0, 0.0, 1.0, 0.0, 0.0, 0.0, 0.0, 0.0, 0.0, 1.0],