{"parameters/model.lstm.weight_ih_l0": {"_type": "histogram", "values": [3.0, 0.0, 2.0, 4.0, 5.0, 2.0, 11.0, 7.0, 5.0, 6.0, 3.0, 8.0, 5.0, 6.0, 5.0, 9.0, 6.0, 6.0, 4.0, 8.0, 12.0, 7.0, 5.0, 7.0, 9.0, 10.0, 5.0, 6.0, 7.0, 10.0, 6.0, 6.0, 6.0, 6.0, 3.0, 4.0, 9.0, 6.0, 10.0, 7.0, 1.0, 5.0, 7.0, 5.0, 5.0, 5.0, 6.0, 5.0, 5.0, 8.0, 5.0, 6.0, 7.0, 5.0, 7.0, 9.0, 12.0, 6.0, 7.0, 3.0, 9.0, 2.0, 6.0, 2.0], "bins": [-0.3026933968067169, -0.2933045029640198, -0.28391560912132263, -0.2745267152786255, -0.26513782143592834, -0.2557489275932312, -0.24636004865169525, -0.2369711548089981, -0.22758226096630096, -0.21819336712360382, -0.20880447328090668, -0.19941557943820953, -0.19002670049667358, -0.18063780665397644, -0.1712489128112793, -0.16186001896858215, -0.152471125125885, -0.14308223128318787, -0.13369333744049072, -0.12430445104837418, -0.11491555720567703, -0.10552666336297989, -0.09613777697086334, -0.0867488831281662, -0.07735998928546906, -0.06797109544277191, -0.058582205325365067, -0.04919331520795822, -0.03980442136526108, -0.030415527522563934, -0.02102663740515709, -0.011637747287750244, -0.0022488534450531006, 0.007140038534998894, 0.016528930515050888, 0.025917822495102882, 0.03530671447515488, 0.04469560831785202, 0.054084498435258865, 0.06347338855266571, 0.07286228239536285, 0.08225117623806, 0.09164007008075714, 0.10102895647287369, 0.11041785031557083, 0.11980674415826797, 0.12919563055038452, 0.13858452439308167, 0.1479734182357788, 0.15736231207847595, 0.1667512059211731, 0.17614009976387024, 0.18552899360656738, 0.19491788744926453, 0.20430676639080048, 0.21369566023349762, 0.22308455407619476, 0.2324734479188919, 0.24186234176158905, 0.251251220703125, 0.26064011454582214, 0.2700290083885193, 0.27941790223121643, 0.2888067960739136, 0.2981956899166107]}, "parameters/model.lstm.weight_hh_l0": {"_type": "histogram", "values": [5.0, 3.0, 7.0, 9.0, 10.0, 10.0, 9.0, 9.0, 5.0, 12.0, 7.0, 9.0, 9.0, 13.0, 12.0, 13.0, 8.0, 9.0, 12.0, 12.0, 11.0, 9.0, 5.0, 7.0, 10.0, 10.0, 9.0, 13.0, 4.0, 6.0, 9.0, 9.0, 8.0, 14.0, 13.0, 10.0, 7.0, 12.0, 9.0, 10.0, 16.0, 14.0, 11.0, 7.0, 10.0, 9.0, 7.0, 11.0, 7.0, 8.0, 7.0, 9.0, 6.0, 7.0, 10.0, 7.0, 9.0, 12.0, 6.0, 10.0, 7.0, 6.0, 9.0, 3.0], "bins": [-0.3014892339706421, -0.29211878776550293, -0.28274837136268616, -0.2733779549598694, -0.2640075087547302, -0.25463706254959106, -0.2452666461467743, -0.23589621484279633, -0.22652578353881836, -0.2171553522348404, -0.20778492093086243, -0.19841448962688446, -0.1890440583229065, -0.17967362701892853, -0.17030319571495056, -0.1609327644109726, -0.15156233310699463, -0.14219190180301666, -0.1328214704990387, -0.12345103919506073, -0.11408060789108276, -0.1047101765871048, -0.09533974528312683, -0.08596931397914886, -0.0765988826751709, -0.06722845137119293, -0.057858020067214966, -0.048487588763237, -0.03911715745925903, -0.029746726155281067, -0.0203762948513031, -0.011005863547325134, -0.0016354024410247803, 0.007735028862953186, 0.017105460166931152, 0.02647589147090912, 0.035846322774887085, 0.04521675407886505, 0.05458718538284302, 0.06395761668682098, 0.07332804799079895, 0.08269847929477692, 0.09206891059875488, 0.10143934190273285, 0.11080977320671082, 0.12018020451068878, 0.12955063581466675, 0.13892106711864471, 0.14829149842262268, 0.15766192972660065, 0.1670323610305786, 0.17640279233455658, 0.18577322363853455, 0.1951436549425125, 0.20451408624649048, 0.21388451755046844, 0.2232549488544464, 0.23262538015842438, 0.24199581146240234, 0.2513662576675415, 0.2607366740703583, 0.27010709047317505, 0.2794775366783142, 0.28884798288345337, 0.29821839928627014]}, "parameters/model.lstm.bias_ih_l0": {"_type": "histogram", "values": [2.0, 1.0, 2.0, 0.0, 0.0, 1.0, 1.0, 1.0, 1.0, 1.0, 2.0, 1.0, 0.0, 0.0, 0.0, 0.0, 0.0, 2.0, 2.0, 2.0, 1.0, 0.0, 0.0, 1.0, 1.0, 0.0, 0.0, 2.0, 0.0, 1.0, 1.0, 0.0, 0.0, 1.0, 0.0, 0.0, 1.0, 0.0, 0.0, 0.0, 1.0, 1.0, 0.0, 0.0, 1.0, 1.0, 1.0, 1.0, 0.0, 0.0, 3.0, 0.0, 0.0, 1.0, 1.0, 1.0, 0.0, 1.0, 2.0, 2.0, 0.0, 0.0, 1.0, 2.0], "bins": [-0.2917657494544983, -0.28293272852897644, -0.2740997076034546, -0.2652667164802551, -0.2564336955547333, -0.24760067462921143, -0.23876765370368958, -0.22993464767932892, -0.22110164165496826, -0.2122686207294464, -0.20343561470508575, -0.1946025937795639, -0.18576958775520325, -0.1769365668296814, -0.16810354590415955, -0.1592705398797989, -0.15043751895427704, -0.1416044980287552, -0.13277149200439453, -0.12393847107887268, -0.11510546505451202, -0.10627244412899017, -0.09743943065404892, -0.08860641717910767, -0.07977339625358582, -0.07094038277864456, -0.06210736930370331, -0.053274352103471756, -0.0444413386285305, -0.03560832515358925, -0.026775307953357697, -0.017942294478416443, -0.009109288454055786, -0.00027627404779195786, 0.00855674035847187, 0.017389755696058273, 0.026222769170999527, 0.03505578264594078, 0.04388879984617233, 0.052721813321113586, 0.06155481934547424, 0.0703878328204155, 0.07922084629535675, 0.0880538672208786, 0.09688687324523926, 0.10571989417076111, 0.11455290764570236, 0.12338592112064362, 0.13221894204616547, 0.14105196297168732, 0.14988496899604797, 0.15871798992156982, 0.16755099594593048, 0.17638401687145233, 0.185217022895813, 0.19405004382133484, 0.2028830647468567, 0.21171608567237854, 0.2205490916967392, 0.22938211262226105, 0.2382151186466217, 0.24704813957214355, 0.2558811604976654, 0.26471418142318726, 0.2735471725463867]}, "parameters/model.lstm.bias_hh_l0": {"_type": "histogram", "values": [1.0, 1.0, 0.0, 1.0, 2.0, 0.0, 1.0, 3.0, 1.0, 0.0, 1.0, 1.0, 2.0, 0.0, 2.0, 0.0, 0.0, 0.0, 0.0, 0.0, 2.0, 2.0, 1.0, 1.0, 1.0, 2.0, 0.0, 0.0, 0.0, 1.0, 0.0, 1.0, 0.0, 0.0, 0.0, 2.0, 2.0, 0.0, 0.0, 0.0, 0.0, 1.0, 0.0, 1.0, 0.0, 1.0, 0.0, 1.0, 1.0, 0.0, 0.0, 1.0, 0.0, 1.0, 2.0, 3.0, 0.0, 1.0, 0.0, 1.0, 1.0, 0.0, 1.0, 1.0], "bins": [-0.2928122580051422, -0.28382715582847595, -0.2748420238494873, -0.26585692167282104, -0.2568718194961548, -0.24788668751716614, -0.23890158534049988, -0.22991646826267242, -0.22093135118484497, -0.21194623410701752, -0.20296111702919006, -0.1939760148525238, -0.18499089777469635, -0.1760057806968689, -0.16702067852020264, -0.15803556144237518, -0.14905044436454773, -0.14006532728672028, -0.13108021020889282, -0.12209510803222656, -0.11310999095439911, -0.10412487387657166, -0.0951397642493248, -0.08615465462207794, -0.07716953754425049, -0.06818442046642303, -0.05919931083917618, -0.05021419748663902, -0.04122908413410187, -0.03224397078156471, -0.023258857429027557, -0.0142737478017807, -0.005288600921630859, 0.0036965124309062958, 0.012681625783443451, 0.021666739135980606, 0.03065185248851776, 0.039636965841054916, 0.04862207919359207, 0.05760718882083893, 0.06659230589866638, 0.07557742297649384, 0.08456253260374069, 0.09354764223098755, 0.102532759308815, 0.11151787638664246, 0.12050298601388931, 0.12948809564113617, 0.13847321271896362, 0.14745832979679108, 0.15644344687461853, 0.1654285490512848, 0.17441366612911224, 0.1833987832069397, 0.19238388538360596, 0.2013690024614334, 0.21035411953926086, 0.21933923661708832, 0.22832435369491577, 0.23730945587158203, 0.24629457294940948, 0.25527969002723694, 0.2642647922039032, 0.27324992418289185, 0.2822350263595581]}, "parameters/model.fc.weight": {"_type": "histogram", "values": [1.0, 0.0, 0.0, 0.0, 0.0, 1.0, 0.0, 0.0, 0.0, 0.0, 0.0, 0.0, 0.0, 0.0, 1.0, 0.0, 0.0, 0.0, 0.0, 0.0, 2.0, 1.0, 0.0, 0.0, 0.0, 0.0, 0.0, 0.0, 0.0, 0.0, 0.0, 0.0, 0.0, 0.0, 1.0, 2.0, 0.0, 0.0, 1.0, 0.0, 0.0, 0.0, 0.0, 0.0, 0.0, 0.0, 0.0, 0.0, 0.0, 1.0, 0.0, 0.0, 0.0, 0.0, 0.0, 0.0, 0.0, 0.0, 0.0, 0.0, 0.0, 0.0, 0.0, 1.0],