{"parameters/model.lstm.weight_ih_l0": {"_type": "histogram", "values": [5.0, 5.0, 12.0, 3.0, 4.0, 7.0, 8.0, 9.0, 8.0, 0.0, 9.0, 9.0, 7.0, 13.0, 5.0, 6.0, 9.0, 11.0, 3.0, 7.0, 7.0, 7.0, 10.0, 7.0, 9.0, 4.0, 6.0, 5.0, 7.0, 4.0, 4.0, 5.0, 4.0, 9.0, 5.0, 6.0, 6.0, 5.0, 3.0, 4.0, 2.0, 3.0, 4.0, 4.0, 6.0, 3.0, 5.0, 8.0, 4.0, 2.0, 6.0, 6.0, 6.0, 4.0, 7.0, 4.0, 8.0, 5.0, 8.0, 5.0, 7.0, 5.0, 7.0, 8.0], "bins": [-0.2852165997028351, -0.2762574255466461, -0.26729822158813477, -0.2583390474319458, -0.24937984347343445, -0.2404206544160843, -0.23146146535873413, -0.22250229120254517, -0.2135430872440338, -0.20458389818668365, -0.1956247091293335, -0.18666552007198334, -0.17770633101463318, -0.16874714195728302, -0.15978795289993286, -0.1508287787437439, -0.14186958968639374, -0.13291040062904358, -0.12395121157169342, -0.11499202251434326, -0.1060328334569931, -0.09707364439964294, -0.08811446279287338, -0.07915527373552322, -0.07019609212875366, -0.0612369030714035, -0.052277714014053345, -0.043318528681993484, -0.034359339624643326, -0.025400150567293167, -0.016440965235233307, -0.007481776177883148, 0.0014774203300476074, 0.010436608456075191, 0.019395796582102776, 0.028354983776807785, 0.037314172834157944, 0.0462733618915081, 0.05523254722356796, 0.06419173628091812, 0.07315093278884888, 0.08211012184619904, 0.0910693109035492, 0.10002849996089935, 0.10898768901824951, 0.11794687807559967, 0.12690606713294983, 0.1358652412891388, 0.14482443034648895, 0.1537836194038391, 0.16274280846118927, 0.17170199751853943, 0.1806611865758896, 0.18962037563323975, 0.1985795497894287, 0.20753875374794006, 0.21649792790412903, 0.2254571169614792, 0.23441630601882935, 0.2433754950761795, 0.25233468413352966, 0.26129385828971863, 0.27025306224823, 0.27921223640441895, 0.2881714403629303]}, "parameters/model.lstm.weight_hh_l0": {"_type": "histogram", "values": [11.0, 7.0, 11.0, 10.0, 10.0, 6.0, 7.0, 9.0, 8.0, 10.0, 4.0, 12.0, 10.0, 9.0, 3.0, 13.0, 7.0, 11.0, 9.0, 9.0, 8.0, 15.0, 6.0, 4.0, 11.0, 7.0, 10.0, 6.0, 5.0, 5.0, 8.0, 10.0, 9.0, 12.0, 10.0, 10.0, 6.0, 13.0, 8.0, 15.0, 15.0, 3.0, 6.0, 5.0, 11.0, 8.0, 19.0, 8.0, 12.0, 8.0, 15.0, 7.0, 4.0, 13.0, 5.0, 9.0, 9.0, 13.0, 2.0, 10.0, 7.0, 8.0, 8.0, 17.0], "bins": [-0.2860042452812195, -0.2770325541496277, -0.2680608630180359, -0.2590891718864441, -0.2501174807548523, -0.2411457896232605, -0.2321740984916687, -0.2232024073600769, -0.2142307162284851, -0.2052590250968933, -0.1962873339653015, -0.18731564283370972, -0.17834395170211792, -0.16937226057052612, -0.16040056943893433, -0.15142887830734253, -0.14245717227458954, -0.13348548114299774, -0.12451379001140594, -0.11554209887981415, -0.10657040774822235, -0.09759871661663055, -0.08862701803445816, -0.07965532690286636, -0.07068362832069397, -0.06171193718910217, -0.052740246057510376, -0.04376855120062828, -0.034796860069036484, -0.025825168937444687, -0.01685347408056259, -0.007881782948970795, 0.0010899007320404053, 0.010061592794954777, 0.019033284857869148, 0.028004977852106094, 0.03697666898369789, 0.04594836011528969, 0.05492005497217178, 0.06389174610376358, 0.07286342978477478, 0.08183512091636658, 0.09080681204795837, 0.09977850317955017, 0.10875019431114197, 0.11772188544273376, 0.12669357657432556, 0.13566526770591736, 0.14463697373867035, 0.15360866487026215, 0.16258035600185394, 0.17155204713344574, 0.18052373826503754, 0.18949542939662933, 0.19846713542938232, 0.20743882656097412, 0.21641051769256592, 0.22538220882415771, 0.2343538999557495, 0.2433255910873413, 0.2522972822189331, 0.2612689733505249, 0.2702406644821167, 0.2792123556137085, 0.2881840467453003]}, "parameters/model.lstm.bias_ih_l0": {"_type": "histogram", "values": [2.0, 0.0, 0.0, 0.0, 2.0, 0.0, 1.0, 2.0, 0.0, 1.0, 2.0, 0.0, 0.0, 3.0, 1.0, 1.0, 0.0, 0.0, 1.0, 2.0, 1.0, 1.0, 1.0, 1.0, 2.0, 1.0, 1.0, 1.0, 0.0, 1.0, 0.0, 1.0, 0.0, 1.0, 0.0, 0.0, 1.0, 0.0, 0.0, 2.0, 0.0, 0.0, 0.0, 3.0, 3.0, 1.0, 0.0, 0.0, 1.0, 1.0, 1.0, 0.0, 0.0, 0.0, 0.0, 0.0, 0.0, 1.0, 1.0, 1.0, 0.0, 0.0, 1.0, 1.0], "bins": [-0.28094184398651123, -0.2729664742946625, -0.2649911344051361, -0.25701576471328735, -0.2490404099225998, -0.24106505513191223, -0.23308970034122467, -0.2251143455505371, -0.21713897585868835, -0.2091636210680008, -0.20118826627731323, -0.19321289658546448, -0.18523754179477692, -0.17726218700408936, -0.1692868322134018, -0.16131147742271423, -0.15333612263202667, -0.1453607678413391, -0.13738541305065155, -0.129410058259964, -0.12143468856811523, -0.11345933377742767, -0.10548397898674011, -0.09750862419605255, -0.08953326940536499, -0.08155791461467743, -0.07358255237340927, -0.06560719758272171, -0.05763183906674385, -0.04965648055076599, -0.04168112576007843, -0.03370576724410057, -0.02573038637638092, -0.01775502786040306, -0.00977967120707035, -0.0018043145537376404, 0.006171043962240219, 0.014146402478218079, 0.02212175726890564, 0.0300971157848835, 0.038072481751441956, 0.046047840267419815, 0.054023198783397675, 0.061998553574085236, 0.0699739158153534, 0.07794927060604095, 0.08592462539672852, 0.09389998018741608, 0.10187533497810364, 0.1098506897687912, 0.11782605201005936, 0.12580141425132751, 0.13377676904201508, 0.14175212383270264, 0.1497274786233902, 0.15770283341407776, 0.1656782031059265, 0.17365355789661407, 0.18162891268730164, 0.1896042823791504, 0.19757963716983795, 0.2055549919605255, 0.21353034675121307, 0.22150570154190063, 0.2294810563325882]}, "parameters/model.lstm.bias_hh_l0": {"_type": "histogram", "values": [4.0, 0.0, 0.0, 1.0, 0.0, 0.0, 2.0, 2.0, 0.0, 1.0, 0.0, 0.0, 2.0, 0.0, 0.0, 0.0, 0.0, 0.0, 0.0, 1.0, 1.0, 0.0, 0.0, 0.0, 2.0, 0.0, 1.0, 1.0, 2.0, 0.0, 2.0, 0.0, 1.0, 1.0, 1.0, 1.0, 1.0, 0.0, 0.0, 1.0, 2.0, 1.0, 1.0, 0.0, 1.0, 0.0, 0.0, 0.0, 2.0, 1.0, 1.0, 0.0, 1.0, 2.0, 0.0, 0.0, 1.0, 1.0, 2.0, 0.0, 0.0, 1.0, 1.0, 2.0], "bins": [-0.2870849072933197, -0.2784781754016876, -0.26987147331237793, -0.26126474142074585, -0.25265800952911377, -0.2440512776374817, -0.2354445606470108, -0.22683784365653992, -0.21823111176490784, -0.20962437987327576, -0.20101766288280487, -0.19241094589233398, -0.1838042140007019, -0.17519748210906982, -0.16659076511859894, -0.15798404812812805, -0.14937731623649597, -0.1407705843448639, -0.132163867354393, -0.12355714291334152, -0.11495041847229004, -0.10634369403123856, -0.09773696959018707, -0.08913024514913559, -0.0805235207080841, -0.07191679626703262, -0.06331007182598114, -0.05470334738492966, -0.046096622943878174, -0.03748989850282669, -0.028883174061775208, -0.020276449620723724, -0.011669725179672241, -0.003063000738620758, 0.005543723702430725, 0.014150448143482208, 0.02275717258453369, 0.031363897025585175, 0.03997062146663666, 0.04857734590768814, 0.057184070348739624, 0.06579079478979111, 0.07439751923084259, 0.08300424367189407, 0.09161096811294556, 0.10021769255399704, 0.10882441699504852, 0.1174311414361, 0.1260378658771515, 0.13464459776878357, 0.14325131475925446, 0.15185803174972534, 0.16046476364135742, 0.1690714955329895, 0.1776782125234604, 0.18628492951393127, 0.19489166140556335, 0.20349839329719543, 0.21210511028766632, 0.2207118272781372, 0.2293185591697693, 0.23792529106140137, 0.24653200805187225, 0.25513872504234314, 0.2637454569339752]}, "parameters/model.fc.weight": {"_type": "histogram", "values": [1.0, 2.0, 0.0, 1.0, 0.0, 1.0, 0.0, 0.0, 0.0, 0.0, 0.0, 1.0, 0.0, 0.0, 0.0, 0.0, 0.0, 0.0, 0.0, 0.0, 0.0, 0.0, 0.0, 0.0, 0.0, 0.0, 0.0, 0.0, 0.0, 0.0, 0.0, 0.0, 1.0, 0.0, 0.0, 0.0, 0.0, 0.0, 0.0, 1.0, 0.0, 0.0, 0.0, 0.0, 0.0, 0.0, 0.0, 1.0, 0.0, 0.0, 2.0, 0.0, 0.0, 0.0, 0.0, 0.0, 0.0, 0.0, 0.0, 0.0, 0.0, 0.0, 0.0, 1.0],