{"parameters/model.lstm.weight_ih_l0": {"_type": "histogram", "values": [8.0, 5.0, 8.0, 6.0, 12.0, 6.0, 3.0, 6.0, 9.0, 4.0, 4.0, 10.0, 7.0, 5.0, 11.0, 6.0, 2.0, 6.0, 4.0, 5.0, 4.0, 5.0, 5.0, 7.0, 5.0, 3.0, 4.0, 7.0, 9.0, 9.0, 5.0, 9.0, 7.0, 5.0, 5.0, 6.0, 2.0, 9.0, 7.0, 5.0, 5.0, 6.0, 9.0, 5.0, 6.0, 8.0, 2.0, 6.0, 5.0, 4.0, 3.0, 8.0, 9.0, 6.0, 5.0, 9.0, 5.0, 6.0, 3.0, 6.0, 2.0, 7.0, 6.0, 8.0], "bins": [-0.28634876012802124, -0.2773767411708832, -0.2684047520160675, -0.25943273305892944, -0.25046074390411377, -0.2414887249469757, -0.23251672089099884, -0.22354471683502197, -0.2145727127790451, -0.20560070872306824, -0.19662870466709137, -0.1876567006111145, -0.17868468165397644, -0.16971269249916077, -0.1607406735420227, -0.15176866948604584, -0.14279666543006897, -0.1338246613740921, -0.12485265731811523, -0.11588064581155777, -0.1069086417555809, -0.09793663769960403, -0.08896462619304657, -0.0799926221370697, -0.07102061808109283, -0.06204861402511597, -0.0530766062438488, -0.044104598462581635, -0.03513259440660477, -0.0261605903506279, -0.017188582569360733, -0.008216574788093567, 0.0007554590702056885, 0.009727464988827705, 0.018699470907449722, 0.02767147682607174, 0.036643482744693756, 0.045615486800670624, 0.05458749458193779, 0.06355950236320496, 0.07253150641918182, 0.08150351047515869, 0.09047551453113556, 0.09944752603769302, 0.10841953009366989, 0.11739153414964676, 0.12636354565620422, 0.1353355497121811, 0.14430755376815796, 0.15327955782413483, 0.1622515618801117, 0.17122356593608856, 0.18019556999206543, 0.1891675889492035, 0.19813959300518036, 0.20711159706115723, 0.2160836011171341, 0.22505560517311096, 0.23402760922908783, 0.2429996132850647, 0.25197163224220276, 0.26094362139701843, 0.2699156403541565, 0.27888762950897217, 0.28785964846611023]}, "parameters/model.lstm.weight_hh_l0": {"_type": "histogram", "values": [15.0, 8.0, 10.0, 12.0, 8.0, 11.0, 9.0, 15.0, 7.0, 4.0, 4.0, 9.0, 14.0, 11.0, 12.0, 13.0, 5.0, 8.0, 13.0, 4.0, 7.0, 6.0, 11.0, 8.0, 11.0, 6.0, 8.0, 8.0, 9.0, 10.0, 3.0, 13.0, 14.0, 9.0, 19.0, 4.0, 8.0, 9.0, 10.0, 3.0, 7.0, 9.0, 5.0, 8.0, 5.0, 7.0, 5.0, 7.0, 8.0, 11.0, 11.0, 5.0, 8.0, 12.0, 13.0, 12.0, 6.0, 16.0, 5.0, 13.0, 12.0, 9.0, 8.0, 6.0], "bins": [-0.2883462905883789, -0.27933546900749207, -0.2703246474266052, -0.2613138258457184, -0.25230300426483154, -0.2432921826839447, -0.23428137600421906, -0.22527055442333221, -0.21625973284244537, -0.20724891126155853, -0.1982380896806717, -0.18922726809978485, -0.1802164614200592, -0.17120563983917236, -0.16219481825828552, -0.15318399667739868, -0.14417317509651184, -0.135162353515625, -0.12615153193473816, -0.11714071780443192, -0.10812989622354507, -0.09911907464265823, -0.09010826051235199, -0.08109743893146515, -0.07208661735057831, -0.06307579576969147, -0.054064977914094925, -0.04505416005849838, -0.03604333847761154, -0.0270325168967247, -0.01802169904112816, -0.009010881185531616, -8.940696716308594e-08, 0.009010730311274529, 0.01802155002951622, 0.02703236974775791, 0.0360431894659996, 0.045054011046886444, 0.054064828902482986, 0.06307564675807953, 0.07208646833896637, 0.08109728991985321, 0.09010811150074005, 0.0991189256310463, 0.10812974721193314, 0.11714056879281998, 0.12615138292312622, 0.13516220450401306, 0.1441730260848999, 0.15318384766578674, 0.16219466924667358, 0.17120549082756042, 0.18021631240844727, 0.1892271339893341, 0.19823794066905975, 0.2072487622499466, 0.21625958383083344, 0.22527040541172028, 0.23428122699260712, 0.24329204857349396, 0.2523028552532196, 0.26131367683410645, 0.2703244984149933, 0.2793353199958801, 0.28834614157676697]}, "parameters/model.lstm.bias_ih_l0": {"_type": "histogram", "values": [1.0, 1.0, 0.0, 0.0, 0.0, 0.0, 0.0, 1.0, 3.0, 0.0, 0.0, 0.0, 0.0, 2.0, 1.0, 1.0, 1.0, 1.0, 0.0, 0.0, 2.0, 0.0, 0.0, 1.0, 3.0, 0.0, 1.0, 0.0, 1.0, 0.0, 3.0, 0.0, 2.0, 0.0, 0.0, 0.0, 1.0, 2.0, 0.0, 1.0, 0.0, 0.0, 0.0, 0.0, 0.0, 2.0, 0.0, 1.0, 1.0, 1.0, 1.0, 1.0, 0.0, 1.0, 0.0, 2.0, 1.0, 2.0, 1.0, 0.0, 0.0, 1.0, 2.0, 2.0], "bins": [-0.2680511474609375, -0.2593962848186493, -0.2507414221763611, -0.24208654463291168, -0.23343168199062347, -0.22477680444717407, -0.21612194180488586, -0.20746707916259766, -0.19881221652030945, -0.19015735387802124, -0.18150247633457184, -0.17284761369228363, -0.16419275104999542, -0.15553787350654602, -0.1468830108642578, -0.1382281482219696, -0.1295732706785202, -0.1209184005856514, -0.11226353794336319, -0.10360866785049438, -0.09495380520820618, -0.08629893511533737, -0.07764406502246857, -0.06898920238018036, -0.06033432483673096, -0.05167945846915245, -0.043024592101573944, -0.03436972200870514, -0.025714855641126633, -0.017059989273548126, -0.008405119180679321, 0.0002497471868991852, 0.008904606103897095, 0.0175594724714756, 0.026214340701699257, 0.03486920893192291, 0.04352407529950142, 0.052178941667079926, 0.06083381175994873, 0.06948867440223694, 0.07814353704452515, 0.08679840713739395, 0.09545326977968216, 0.10410813987255096, 0.11276300251483917, 0.12141787260770798, 0.13007274270057678, 0.138727605342865, 0.1473824828863144, 0.1560373455286026, 0.164692223072052, 0.1733470857143402, 0.18200194835662842, 0.19065681099891663, 0.19931168854236603, 0.20796655118465424, 0.21662142872810364, 0.22527629137039185, 0.23393116891384125, 0.24258603155612946, 0.25124090909957886, 0.25989577174186707, 0.2685506343841553, 0.2772054970264435, 0.2858603596687317]}, "parameters/model.lstm.bias_hh_l0": {"_type": "histogram", "values": [1.0, 0.0, 0.0, 0.0, 0.0, 1.0, 2.0, 1.0, 3.0, 0.0, 1.0, 1.0, 0.0, 1.0, 0.0, 2.0, 1.0, 0.0, 0.0, 0.0, 0.0, 2.0, 2.0, 1.0, 0.0, 1.0, 0.0, 2.0, 0.0, 1.0, 1.0, 2.0, 0.0, 0.0, 0.0, 1.0, 2.0, 0.0, 0.0, 2.0, 0.0, 1.0, 1.0, 0.0, 0.0, 0.0, 1.0, 0.0, 0.0, 0.0, 1.0, 0.0, 2.0, 0.0, 0.0, 0.0, 2.0, 0.0, 2.0, 1.0, 1.0, 0.0, 1.0, 4.0], "bins": [-0.2758876383304596, -0.2675333619117737, -0.25917908549308777, -0.25082480907440186, -0.24247053265571594, -0.23411625623703003, -0.2257619947195053, -0.2174077183008194, -0.20905344188213348, -0.20069916546344757, -0.19234488904476166, -0.18399061262607574, -0.17563635110855103, -0.1672820746898651, -0.1589277982711792, -0.1505735218524933, -0.14221924543380737, -0.13386496901512146, -0.12551069259643555, -0.11715642362833023, -0.10880214720964432, -0.1004478707909584, -0.09209360182285309, -0.08373932540416718, -0.07538504898548126, -0.06703077256679535, -0.058676499873399734, -0.05032222718000412, -0.04196795076131821, -0.033613674342632294, -0.02525940164923668, -0.016905128955841064, -0.008550852537155151, -0.0001965779811143875, 0.008157696574926376, 0.01651197113096714, 0.024866245687007904, 0.03322052210569382, 0.04157479479908943, 0.049929067492485046, 0.05828334391117096, 0.06663762032985687, 0.07499189674854279, 0.0833461657166481, 0.09170044213533401, 0.10005471855401993, 0.10840898752212524, 0.11676326394081116, 0.12511754035949707, 0.13347181677818298, 0.1418260931968689, 0.1501803696155548, 0.15853464603424072, 0.16688892245292664, 0.17524318397045135, 0.18359746038913727, 0.19195173680782318, 0.2003060132265091, 0.208660289645195, 0.21701456606388092, 0.22536882758140564, 0.23372310400009155, 0.24207738041877747, 0.2504316568374634, 0.2587859332561493]}, "parameters/model.fc.weight": {"_type": "histogram", "values": [1.0, 0.0, 0.0, 0.0, 0.0, 0.0, 0.0, 0.0, 0.0, 0.0, 0.0, 0.0, 0.0, 0.0, 1.0, 0.0, 0.0, 0.0, 0.0, 0.0, 0.0, 0.0, 0.0, 0.0, 1.0, 0.0, 0.0, 0.0, 0.0, 0.0, 0.0, 0.0, 0.0, 0.0, 0.0, 0.0, 0.0, 0.0, 0.0, 0.0, 0.0, 0.0, 0.0, 0.0, 1.0, 0.0, 0.0, 0.0, 0.0, 0.0, 1.0, 0.0, 0.0, 0.0, 0.0, 0.0, 1.0, 2.0, 0.0, 1.0, 1.0, 0.0, 1.0, 1.0],