{"parameters/model.lstm.weight_ih_l0": {"_type": "histogram", "values": [8.0, 9.0, 4.0, 9.0, 7.0, 6.0, 7.0, 4.0, 9.0, 5.0, 6.0, 2.0, 4.0, 2.0, 3.0, 12.0, 2.0, 7.0, 4.0, 3.0, 3.0, 9.0, 4.0, 1.0, 6.0, 8.0, 6.0, 5.0, 8.0, 1.0, 3.0, 8.0, 13.0, 9.0, 9.0, 5.0, 11.0, 4.0, 2.0, 5.0, 8.0, 7.0, 3.0, 9.0, 8.0, 4.0, 12.0, 3.0, 2.0, 4.0, 6.0, 8.0, 6.0, 6.0, 10.0, 7.0, 9.0, 4.0, 7.0, 7.0, 6.0, 8.0, 1.0, 6.0], "bins": [-0.28858470916748047, -0.27957883477211, -0.2705729603767395, -0.261567085981369, -0.25256121158599854, -0.24355532228946686, -0.23454943299293518, -0.2255435585975647, -0.2165376842021942, -0.20753180980682373, -0.19852593541145325, -0.18952004611492157, -0.1805141717195511, -0.1715082973241806, -0.16250240802764893, -0.15349653363227844, -0.14449065923690796, -0.13548478484153748, -0.126478910446167, -0.11747302114963531, -0.10846714675426483, -0.09946127235889435, -0.09045539051294327, -0.08144950866699219, -0.0724436342716217, -0.06343775987625122, -0.05443187803030014, -0.04542599990963936, -0.03642012178897858, -0.027414243668317795, -0.018408365547657013, -0.009402483701705933, -0.0003966093063354492, 0.008609268814325333, 0.017615146934986115, 0.026621025055646896, 0.03562690317630768, 0.04463278129696846, 0.05363865941762924, 0.06264454126358032, 0.0716504156589508, 0.08065629005432129, 0.08966217190027237, 0.09866805374622345, 0.10767392814159393, 0.11667980253696442, 0.1256856918334961, 0.13469156622886658, 0.14369744062423706, 0.15270331501960754, 0.16170918941497803, 0.1707150787115097, 0.1797209531068802, 0.18872682750225067, 0.19773271679878235, 0.20673859119415283, 0.21574446558952332, 0.2247503399848938, 0.23375621438026428, 0.24276210367679596, 0.25176799297332764, 0.2607738673686981, 0.2697797417640686, 0.2787856161594391, 0.28779149055480957]}, "parameters/model.lstm.weight_hh_l0": {"_type": "histogram", "values": [10.0, 11.0, 13.0, 8.0, 7.0, 8.0, 9.0, 4.0, 9.0, 12.0, 10.0, 5.0, 11.0, 9.0, 7.0, 10.0, 13.0, 10.0, 5.0, 8.0, 8.0, 8.0, 14.0, 8.0, 15.0, 7.0, 13.0, 10.0, 8.0, 11.0, 12.0, 8.0, 11.0, 11.0, 6.0, 8.0, 10.0, 5.0, 8.0, 4.0, 11.0, 7.0, 11.0, 5.0, 13.0, 13.0, 9.0, 10.0, 6.0, 8.0, 7.0, 8.0, 7.0, 10.0, 5.0, 8.0, 5.0, 9.0, 12.0, 10.0, 6.0, 10.0, 10.0, 12.0], "bins": [-0.2863267958164215, -0.2773435115814209, -0.2683602571487427, -0.25937700271606445, -0.25039371848106384, -0.24141044914722443, -0.232427179813385, -0.2234439104795456, -0.21446064114570618, -0.20547737181186676, -0.19649410247802734, -0.18751083314418793, -0.1785275638103485, -0.1695442944765091, -0.16056102514266968, -0.15157775580883026, -0.14259448647499084, -0.13361121714115143, -0.12462794780731201, -0.1156446784734726, -0.10666140913963318, -0.09767813980579376, -0.08869487047195435, -0.07971160113811493, -0.07072833180427551, -0.061745062470436096, -0.05276179313659668, -0.04377852380275726, -0.03479525446891785, -0.02581198513507843, -0.016828715801239014, -0.007845446467399597, 0.0011377930641174316, 0.010121062397956848, 0.019104331731796265, 0.02808760106563568, 0.0370708703994751, 0.046054139733314514, 0.05503740906715393, 0.06402067840099335, 0.07300394773483276, 0.08198721706867218, 0.0909704864025116, 0.09995375573635101, 0.10893702507019043, 0.11792029440402985, 0.12690356373786926, 0.13588683307170868, 0.1448701024055481, 0.1538533717393875, 0.16283664107322693, 0.17181991040706635, 0.18080317974090576, 0.18978644907474518, 0.1987697184085846, 0.207752987742424, 0.21673625707626343, 0.22571952641010284, 0.23470279574394226, 0.24368606507778168, 0.2526693344116211, 0.2616525888442993, 0.2706358730792999, 0.27961915731430054, 0.28860241174697876]}, "parameters/model.lstm.bias_ih_l0": {"_type": "histogram", "values": [3.0, 1.0, 1.0, 0.0, 0.0, 0.0, 1.0, 0.0, 0.0, 2.0, 0.0, 3.0, 3.0, 3.0, 0.0, 3.0, 0.0, 0.0, 0.0, 2.0, 0.0, 1.0, 0.0, 2.0, 0.0, 0.0, 1.0, 0.0, 0.0, 1.0, 0.0, 1.0, 0.0, 0.0, 0.0, 0.0, 0.0, 1.0, 0.0, 2.0, 1.0, 2.0, 1.0, 1.0, 0.0, 1.0, 1.0, 0.0, 0.0, 0.0, 1.0, 0.0, 0.0, 0.0, 1.0, 2.0, 2.0, 0.0, 0.0, 0.0, 1.0, 1.0, 0.0, 2.0], "bins": [-0.28500908613204956, -0.27604925632476807, -0.2670894265174866, -0.2581295669078827, -0.2491697371006012, -0.2402099072933197, -0.23125006258487701, -0.22229021787643433, -0.21333038806915283, -0.20437055826187134, -0.19541071355342865, -0.18645086884498596, -0.17749103903770447, -0.16853120923042297, -0.15957136452198029, -0.1506115198135376, -0.1416516900062561, -0.1326918601989746, -0.12373201549053192, -0.11477217823266983, -0.10581234097480774, -0.09685250371694565, -0.08789266645908356, -0.07893282920122147, -0.06997299194335938, -0.061013154685497284, -0.05205331742763519, -0.0430934801697731, -0.03413364291191101, -0.02517380565404892, -0.01621396839618683, -0.0072541311383247375, 0.0017057061195373535, 0.010665543377399445, 0.019625380635261536, 0.028585217893123627, 0.03754505515098572, 0.04650489240884781, 0.0554647296667099, 0.06442456692457199, 0.07338440418243408, 0.08234424144029617, 0.09130407869815826, 0.10026391595602036, 0.10922375321388245, 0.11818359047174454, 0.12714342772960663, 0.13610327243804932, 0.1450631022453308, 0.1540229320526123, 0.162982776761055, 0.17194262146949768, 0.18090245127677917, 0.18986228108406067, 0.19882212579250336, 0.20778197050094604, 0.21674180030822754, 0.22570163011550903, 0.23466147482395172, 0.2436213195323944, 0.2525811493396759, 0.2615409791469574, 0.2705008387565613, 0.2794606685638428, 0.28842049837112427]}, "parameters/model.lstm.bias_hh_l0": {"_type": "histogram", "values": [1.0, 1.0, 0.0, 1.0, 1.0, 0.0, 0.0, 1.0, 1.0, 1.0, 1.0, 0.0, 1.0, 0.0, 0.0, 0.0, 0.0, 2.0, 2.0, 0.0, 0.0, 0.0, 0.0, 0.0, 0.0, 1.0, 1.0, 1.0, 0.0, 0.0, 0.0, 0.0, 0.0, 1.0, 2.0, 0.0, 1.0, 1.0, 0.0, 0.0, 0.0, 0.0, 1.0, 1.0, 0.0, 1.0, 1.0, 1.0, 2.0, 2.0, 0.0, 4.0, 0.0, 1.0, 0.0, 0.0, 0.0, 3.0, 2.0, 0.0, 4.0, 2.0, 1.0, 1.0], "bins": [-0.28338804841041565, -0.27450814843177795, -0.26562824845314026, -0.25674834847450256, -0.24786844849586487, -0.23898854851722717, -0.23010864853858948, -0.22122874855995178, -0.2123488485813141, -0.2034689486026764, -0.1945890486240387, -0.185709148645401, -0.1768292486667633, -0.1679493486881256, -0.15906944870948792, -0.15018954873085022, -0.14130963385105133, -0.13242973387241364, -0.12354983389377594, -0.11466993391513824, -0.10579003393650055, -0.09691013395786285, -0.08803022652864456, -0.07915032655000687, -0.07027041912078857, -0.06139051914215088, -0.052510619163513184, -0.04363071545958519, -0.034750815480947495, -0.0258709155023098, -0.016991011798381805, -0.00811111181974411, 0.0007687807083129883, 0.009648681618273258, 0.018528582528233528, 0.027408484369516373, 0.03628838434815407, 0.04516828432679176, 0.05404818803071976, 0.06292808800935745, 0.07180798053741455, 0.08068788051605225, 0.08956778049468994, 0.09844768047332764, 0.10732758045196533, 0.11620748043060303, 0.12508738040924072, 0.13396728038787842, 0.1428471952676773, 0.151727095246315, 0.1606069952249527, 0.1694868952035904, 0.1783667951822281, 0.18724669516086578, 0.19612661004066467, 0.20500651001930237, 0.21388640999794006, 0.22276630997657776, 0.23164620995521545, 0.24052610993385315, 0.24940600991249084, 0.25828590989112854, 0.26716580986976624, 0.27604570984840393, 0.2849256098270416]}, "parameters/model.fc.weight": {"_type": "histogram", "values": [1.0, 0.0, 0.0, 0.0, 0.0, 1.0, 0.0, 0.0, 1.0, 0.0, 0.0, 0.0, 0.0, 0.0, 0.0, 0.0, 0.0, 0.0, 0.0, 0.0, 0.0, 0.0, 0.0, 0.0, 0.0, 0.0, 1.0, 0.0, 0.0, 0.0, 1.0, 0.0, 1.0, 0.0, 0.0, 1.0, 0.0, 0.0, 0.0, 0.0, 0.0, 1.0, 1.0, 0.0, 0.0, 0.0, 0.0, 0.0, 1.0, 0.0, 0.0, 0.0, 0.0, 0.0, 0.0, 0.0, 1.0, 0.0, 0.0, 0.0, 0.0, 0.0, 0.0, 1.0],