{"parameters/model.lstm.weight_ih_l0": {"_type": "histogram", "values": [2.0, 4.0, 3.0, 8.0, 6.0, 5.0, 4.0, 10.0, 7.0, 4.0, 6.0, 4.0, 11.0, 4.0, 10.0, 11.0, 11.0, 6.0, 8.0, 11.0, 3.0, 4.0, 4.0, 5.0, 9.0, 8.0, 7.0, 4.0, 8.0, 2.0, 5.0, 8.0, 6.0, 6.0, 8.0, 7.0, 4.0, 5.0, 7.0, 9.0, 4.0, 7.0, 6.0, 6.0, 3.0, 6.0, 4.0, 3.0, 4.0, 14.0, 6.0, 10.0, 8.0, 5.0, 5.0, 2.0, 4.0, 9.0, 3.0, 6.0, 9.0, 4.0, 1.0, 1.0], "bins": [-0.2981078624725342, -0.288798987865448, -0.2794901132583618, -0.270181268453598, -0.26087239384651184, -0.25156351923942566, -0.24225464463233948, -0.2329457849264145, -0.2236369252204895, -0.21432805061340332, -0.20501919090747833, -0.19571031630039215, -0.18640145659446716, -0.17709258198738098, -0.1677837073802948, -0.1584748476743698, -0.14916597306728363, -0.13985709846019745, -0.13054823875427246, -0.12123936414718628, -0.11193050444126129, -0.10262162983417511, -0.09331276267766953, -0.08400389552116394, -0.07469502091407776, -0.06538615375757217, -0.05607728660106659, -0.046768415719270706, -0.03745954856276512, -0.028150681406259537, -0.018841810524463654, -0.009532943367958069, -0.00022408366203308105, 0.009084784425795078, 0.018393652513623238, 0.02770252153277397, 0.037011388689279556, 0.04632025584578514, 0.055629126727581024, 0.06493799388408661, 0.0742468535900116, 0.08355572074651718, 0.09286458790302277, 0.10217346251010895, 0.11148232221603394, 0.12079119682312012, 0.1301000714302063, 0.1394089311361313, 0.14871780574321747, 0.15802668035030365, 0.16733554005622864, 0.17664441466331482, 0.1859532743692398, 0.195262148976326, 0.20457100868225098, 0.21387988328933716, 0.22318875789642334, 0.23249763250350952, 0.2418064922094345, 0.2511153519153595, 0.2604242265224457, 0.26973310112953186, 0.27904197573661804, 0.28835082054138184, 0.297659695148468]}, "parameters/model.lstm.weight_hh_l0": {"_type": "histogram", "values": [3.0, 7.0, 9.0, 8.0, 9.0, 11.0, 5.0, 5.0, 14.0, 6.0, 4.0, 14.0, 10.0, 8.0, 7.0, 11.0, 11.0, 12.0, 12.0, 5.0, 6.0, 9.0, 11.0, 16.0, 9.0, 14.0, 13.0, 5.0, 9.0, 5.0, 8.0, 11.0, 13.0, 8.0, 8.0, 14.0, 5.0, 10.0, 5.0, 16.0, 6.0, 10.0, 12.0, 11.0, 13.0, 8.0, 10.0, 8.0, 9.0, 9.0, 9.0, 9.0, 15.0, 10.0, 9.0, 6.0, 14.0, 4.0, 10.0, 7.0, 8.0, 5.0, 5.0, 3.0], "bins": [-0.2989620268344879, -0.28966084122657776, -0.2803596556186676, -0.27105847001075745, -0.2617572844028473, -0.25245606899261475, -0.24315489828586578, -0.23385369777679443, -0.22455251216888428, -0.21525132656097412, -0.20595014095306396, -0.1966489553451538, -0.18734775483608246, -0.1780465692281723, -0.16874538362026215, -0.1594441831111908, -0.15014301240444183, -0.14084182679653168, -0.13154064118862152, -0.12223944813013077, -0.11293825507164001, -0.10363706946372986, -0.0943358838558197, -0.08503469079732895, -0.07573351263999939, -0.06643232703208923, -0.05713113397359848, -0.047829948365688324, -0.03852875903248787, -0.029227569699287415, -0.01992638409137726, -0.010625191032886505, -0.001323997974395752, 0.007977190427482128, 0.017278378829360008, 0.026579566299915314, 0.03588075563311577, 0.04518194496631622, 0.05448313057422638, 0.06378432363271713, 0.07308551669120789, 0.08238670229911804, 0.0916878953576088, 0.10098908096551895, 0.1102902740240097, 0.11959145963191986, 0.12889264523983002, 0.13819384574890137, 0.14749501645565033, 0.15679620206356049, 0.16609738767147064, 0.175398588180542, 0.18469977378845215, 0.1940009593963623, 0.20330214500427246, 0.21260333061218262, 0.22190451622009277, 0.23120570182800293, 0.24050688743591309, 0.24980807304382324, 0.2591092586517334, 0.26841044425964355, 0.2777116298675537, 0.28701284527778625, 0.2963140308856964]}, "parameters/model.lstm.bias_ih_l0": {"_type": "histogram", "values": [1.0, 0.0, 2.0, 1.0, 2.0, 0.0, 1.0, 0.0, 0.0, 0.0, 1.0, 0.0, 0.0, 0.0, 2.0, 2.0, 0.0, 0.0, 0.0, 0.0, 1.0, 1.0, 1.0, 2.0, 2.0, 0.0, 0.0, 0.0, 1.0, 1.0, 0.0, 0.0, 0.0, 1.0, 1.0, 0.0, 0.0, 1.0, 1.0, 1.0, 2.0, 0.0, 1.0, 1.0, 1.0, 2.0, 1.0, 0.0, 1.0, 1.0, 1.0, 2.0, 1.0, 0.0, 1.0, 0.0, 1.0, 0.0, 0.0, 1.0, 2.0, 1.0, 1.0, 1.0], "bins": [-0.29453766345977783, -0.28573867678642273, -0.2769396901130676, -0.2681407332420349, -0.2593417465686798, -0.2505427598953247, -0.2417437732219696, -0.2329448014497757, -0.2241458296775818, -0.21534684300422668, -0.20654787123203278, -0.19774888455867767, -0.18894991278648376, -0.18015092611312866, -0.17135193943977356, -0.16255296766757965, -0.15375398099422455, -0.14495499432086945, -0.13615602254867554, -0.12735703587532043, -0.11855806410312653, -0.10975907742977142, -0.10096009820699692, -0.09216111898422241, -0.08336213231086731, -0.0745631530880928, -0.0657641738653183, -0.056965190917253494, -0.04816621169447899, -0.03936723247170448, -0.03056824952363968, -0.021769270300865173, -0.012970298528671265, -0.004171318374574184, 0.004627661779522896, 0.01342664286494255, 0.022225622087717056, 0.031024601310491562, 0.039823584258556366, 0.04862256348133087, 0.05742153525352478, 0.06622051447629929, 0.07501949369907379, 0.0838184803724289, 0.0926174521446228, 0.1014164388179779, 0.11021541804075241, 0.11901439726352692, 0.12781338393688202, 0.13661237061023712, 0.14541134238243103, 0.15421032905578613, 0.16300930082798004, 0.17180828750133514, 0.18060725927352905, 0.18940624594688416, 0.19820523262023926, 0.20700421929359436, 0.21580319106578827, 0.22460217773914337, 0.23340114951133728, 0.24220013618469238, 0.2509991228580475, 0.2597981095314026, 0.2685970664024353]}, "parameters/model.lstm.bias_hh_l0": {"_type": "histogram", "values": [1.0, 0.0, 0.0, 0.0, 2.0, 2.0, 0.0, 1.0, 1.0, 0.0, 0.0, 2.0, 0.0, 1.0, 3.0, 1.0, 0.0, 0.0, 0.0, 0.0, 0.0, 0.0, 2.0, 2.0, 3.0, 1.0, 0.0, 1.0, 0.0, 0.0, 1.0, 0.0, 0.0, 1.0, 2.0, 0.0, 2.0, 1.0, 1.0, 1.0, 1.0, 0.0, 1.0, 2.0, 0.0, 0.0, 1.0, 1.0, 0.0, 1.0, 1.0, 1.0, 0.0, 1.0, 0.0, 0.0, 1.0, 2.0, 0.0, 1.0, 0.0, 0.0, 0.0, 2.0], "bins": [-0.2989255487918854, -0.2899814546108246, -0.2810373902320862, -0.2720932960510254, -0.263149231672287, -0.2542051374912262, -0.2452610582113266, -0.236316978931427, -0.2273728847503662, -0.2184288054704666, -0.20948472619056702, -0.20054063200950623, -0.19159655272960663, -0.18265247344970703, -0.17370839416980743, -0.16476431488990784, -0.15582023561000824, -0.14687615633010864, -0.13793207705020905, -0.12898799777030945, -0.12004390358924866, -0.11109982430934906, -0.10215574502944946, -0.09321165829896927, -0.08426758646965027, -0.07532350718975067, -0.06637942045927048, -0.05743534117937088, -0.048491258174180984, -0.03954717516899109, -0.03060309588909149, -0.021659009158611298, -0.012714922428131104, -0.0037708403542637825, 0.0051732417196035385, 0.014117322862148285, 0.02306140586733818, 0.032005488872528076, 0.04094956815242767, 0.04989365488290787, 0.05883774161338806, 0.06778182089328766, 0.07672590762376785, 0.08566998690366745, 0.09461407363414764, 0.10355815291404724, 0.11250223219394684, 0.12144631892442703, 0.13039039075374603, 0.13933447003364563, 0.14827854931354523, 0.15722262859344482, 0.16616672277450562, 0.1751108020544052, 0.1840548813343048, 0.1929989755153656, 0.201943039894104, 0.2108871191740036, 0.2198311984539032, 0.228775292634964, 0.2377193719148636, 0.24666345119476318, 0.255607545375824, 0.2645516097545624, 0.27349570393562317]}, "parameters/model.fc.weight": {"_type": "histogram", "values": [1.0, 0.0, 0.0, 0.0, 0.0, 0.0, 1.0, 0.0, 0.0, 0.0, 0.0, 0.0, 0.0, 0.0, 0.0, 0.0, 1.0, 0.0, 1.0, 0.0, 0.0, 0.0, 0.0, 0.0, 0.0, 0.0, 0.0, 0.0, 0.0, 0.0, 0.0, 0.0, 1.0, 1.0, 0.0, 0.0, 0.0, 1.0, 1.0, 0.0, 0.0, 0.0, 0.0, 0.0, 0.0, 0.0, 0.0, 0.0, 1.0, 0.0, 0.0, 0.0, 2.0, 0.0, 0.0, 0.0, 0.0, 0.0, 0.0, 0.0, 0.0, 0.0, 0.0, 1.0],