{"parameters/model.lstm.weight_ih_l0": {"_type": "histogram", "values": [1.0, 5.0, 7.0, 4.0, 9.0, 6.0, 8.0, 9.0, 8.0, 6.0, 6.0, 5.0, 5.0, 9.0, 0.0, 5.0, 9.0, 4.0, 8.0, 6.0, 2.0, 7.0, 7.0, 6.0, 5.0, 7.0, 7.0, 6.0, 3.0, 6.0, 2.0, 8.0, 3.0, 2.0, 9.0, 10.0, 5.0, 8.0, 9.0, 6.0, 4.0, 7.0, 6.0, 6.0, 7.0, 7.0, 4.0, 8.0, 3.0, 5.0, 6.0, 7.0, 5.0, 5.0, 7.0, 7.0, 11.0, 4.0, 6.0, 10.0, 6.0, 5.0, 4.0, 6.0], "bins": [-0.2943122088909149, -0.28513407707214355, -0.2759559452533722, -0.26677781343460083, -0.25759971141815186, -0.2484215646982193, -0.23924344778060913, -0.23006531596183777, -0.2208871841430664, -0.21170905232429504, -0.20253092050552368, -0.1933528035879135, -0.18417467176914215, -0.1749965399503708, -0.16581842303276062, -0.15664029121398926, -0.1474621593952179, -0.13828402757644653, -0.12910589575767517, -0.119927778840065, -0.11074964702129364, -0.10157151520252228, -0.09239339083433151, -0.08321526646614075, -0.07403713464736938, -0.06485900282859802, -0.05568087846040726, -0.04650275036692619, -0.03732462227344513, -0.028146494179964066, -0.018968366086483, -0.009790241718292236, -0.0006121397018432617, 0.008565988391637802, 0.017744116485118866, 0.02692224457859993, 0.036100372672080994, 0.04527850076556206, 0.05445662885904312, 0.06363475322723389, 0.07281288504600525, 0.08199101686477661, 0.09116914123296738, 0.10034726560115814, 0.1095253974199295, 0.11870352923870087, 0.12788164615631104, 0.1370597779750824, 0.14623790979385376, 0.15541604161262512, 0.16459417343139648, 0.17377229034900665, 0.18295042216777802, 0.19212855398654938, 0.20130667090415955, 0.2104848027229309, 0.21966293454170227, 0.22884106636047363, 0.238019198179245, 0.24719731509685516, 0.25637543201446533, 0.2655535638332367, 0.27473169565200806, 0.2839098274707794, 0.2930879592895508]}, "parameters/model.lstm.weight_hh_l0": {"_type": "histogram", "values": [10.0, 9.0, 10.0, 12.0, 6.0, 7.0, 6.0, 4.0, 9.0, 3.0, 12.0, 9.0, 10.0, 7.0, 11.0, 10.0, 12.0, 12.0, 9.0, 5.0, 12.0, 11.0, 6.0, 5.0, 7.0, 9.0, 10.0, 8.0, 10.0, 7.0, 6.0, 13.0, 9.0, 11.0, 11.0, 13.0, 5.0, 8.0, 11.0, 9.0, 5.0, 13.0, 8.0, 12.0, 15.0, 10.0, 4.0, 6.0, 10.0, 9.0, 10.0, 4.0, 9.0, 13.0, 13.0, 10.0, 5.0, 6.0, 11.0, 14.0, 11.0, 13.0, 9.0, 2.0], "bins": [-0.294242262840271, -0.28501614928245544, -0.2757900357246399, -0.26656395196914673, -0.2573378384113312, -0.24811172485351562, -0.23888561129570007, -0.22965949773788452, -0.22043339908123016, -0.2112072855234146, -0.20198118686676025, -0.1927550733089447, -0.18352895975112915, -0.1743028610944748, -0.16507674753665924, -0.15585064888000488, -0.14662453532218933, -0.13739842176437378, -0.12817232310771942, -0.11894620954990387, -0.10972010344266891, -0.10049399733543396, -0.09126788377761841, -0.08204177767038345, -0.0728156715631485, -0.06358956545591354, -0.05436345562338829, -0.04513734579086304, -0.03591123968362808, -0.026685133576393127, -0.017459023743867874, -0.00823291391134262, 0.0009932219982147217, 0.010219329968094826, 0.01944543793797493, 0.028671545907855034, 0.03789765387773514, 0.04712375998497009, 0.056349869817495346, 0.0655759796500206, 0.07480208575725555, 0.08402819186449051, 0.09325429797172546, 0.10248041152954102, 0.11170651763677597, 0.12093262374401093, 0.13015873730182648, 0.13938483595848083, 0.1486109495162964, 0.15783706307411194, 0.1670631617307663, 0.17628927528858185, 0.1855153739452362, 0.19474148750305176, 0.2039676010608673, 0.21319371461868286, 0.22241981327533722, 0.23164592683315277, 0.24087202548980713, 0.2500981390476227, 0.25932425260543823, 0.2685503363609314, 0.27777644991874695, 0.2870025634765625, 0.29622867703437805]}, "parameters/model.lstm.bias_ih_l0": {"_type": "histogram", "values": [2.0, 1.0, 0.0, 1.0, 0.0, 0.0, 3.0, 1.0, 0.0, 1.0, 0.0, 1.0, 0.0, 1.0, 0.0, 3.0, 1.0, 1.0, 1.0, 0.0, 1.0, 0.0, 1.0, 2.0, 0.0, 0.0, 1.0, 1.0, 1.0, 1.0, 0.0, 0.0, 0.0, 3.0, 0.0, 0.0, 0.0, 0.0, 0.0, 1.0, 1.0, 0.0, 1.0, 0.0, 0.0, 0.0, 0.0, 0.0, 1.0, 2.0, 0.0, 0.0, 1.0, 1.0, 1.0, 1.0, 1.0, 2.0, 1.0, 0.0, 1.0, 4.0, 0.0, 1.0], "bins": [-0.2850453555583954, -0.27606847882270813, -0.2670915722846985, -0.25811469554901123, -0.24913781881332397, -0.24016092717647552, -0.23118403553962708, -0.22220715880393982, -0.21323028206825256, -0.2042533904314041, -0.19527651369571686, -0.1862996220588684, -0.17732274532318115, -0.1683458536863327, -0.15936896204948425, -0.150392085313797, -0.14141519367694855, -0.1324383020401001, -0.12346142530441284, -0.11448453366756439, -0.10550765693187714, -0.09653076529502869, -0.08755388110876083, -0.07857699692249298, -0.06960010528564453, -0.06062322109937668, -0.051646336913108826, -0.042669449001550674, -0.03369256481528282, -0.02471568062901497, -0.015738792717456818, -0.006761908531188965, 0.002214968204498291, 0.011191853322088718, 0.020168738439679146, 0.029145624488592148, 0.03812250867486, 0.04709939286112785, 0.056076280772686005, 0.06505316495895386, 0.07403004169464111, 0.08300692588090897, 0.09198381006717682, 0.10096070170402527, 0.10993757843971252, 0.11891447007656097, 0.12789136171340942, 0.13686823844909668, 0.14584513008594513, 0.15482202172279358, 0.16379889845848083, 0.17277579009532928, 0.18175266683101654, 0.190729558467865, 0.19970643520355225, 0.2086833268404007, 0.21766021847724915, 0.2266371101140976, 0.23561398684978485, 0.2445908784866333, 0.25356775522232056, 0.2625446319580078, 0.27152153849601746, 0.2804984152317047, 0.28947529196739197]}, "parameters/model.lstm.bias_hh_l0": {"_type": "histogram", "values": [3.0, 3.0, 1.0, 2.0, 2.0, 0.0, 0.0, 0.0, 0.0, 0.0, 0.0, 0.0, 0.0, 2.0, 1.0, 0.0, 0.0, 0.0, 1.0, 1.0, 0.0, 1.0, 0.0, 0.0, 1.0, 1.0, 1.0, 1.0, 2.0, 1.0, 0.0, 1.0, 1.0, 0.0, 0.0, 2.0, 4.0, 0.0, 1.0, 0.0, 0.0, 0.0, 1.0, 2.0, 0.0, 2.0, 1.0, 1.0, 0.0, 1.0, 1.0, 0.0, 1.0, 0.0, 0.0, 2.0, 0.0, 1.0, 0.0, 0.0, 0.0, 1.0, 0.0, 1.0], "bins": [-0.2723581790924072, -0.26357415318489075, -0.2547900974750519, -0.2460060715675354, -0.23722203075885773, -0.22843798995018005, -0.21965396404266357, -0.2108699232339859, -0.20208588242530823, -0.19330184161663055, -0.18451781570911407, -0.1757337749004364, -0.16694973409175873, -0.15816569328308105, -0.14938166737556458, -0.1405976265668869, -0.13181360065937042, -0.12302956730127335, -0.11424552649259567, -0.1054614931344986, -0.09667745232582092, -0.08789341896772385, -0.07910938560962677, -0.0703253448009491, -0.06154131889343262, -0.05275728181004524, -0.04397324472665787, -0.03518921136856079, -0.026405174285173416, -0.01762113720178604, -0.008837103843688965, -5.3066760301589966e-05, 0.008730977773666382, 0.017515014857053757, 0.026299050077795982, 0.03508308529853821, 0.04386712238192558, 0.05265115946531296, 0.061435192823410034, 0.07021923363208771, 0.07900327444076538, 0.08778730779886246, 0.09657134860754013, 0.10535538196563721, 0.11413942277431488, 0.12292345613241196, 0.13170748949050903, 0.1404915302991867, 0.14927555620670319, 0.15805959701538086, 0.16684362292289734, 0.175627663731575, 0.18441170454025269, 0.19319573044776917, 0.20197977125644684, 0.2107638120651245, 0.219547837972641, 0.22833187878131866, 0.23711590468883514, 0.24589994549751282, 0.2546839714050293, 0.26346802711486816, 0.27225205302238464, 0.2810360789299011, 0.28982013463974]}, "parameters/model.fc.weight": {"_type": "histogram", "values": [1.0, 0.0, 1.0, 0.0, 0.0, 0.0, 0.0, 0.0, 0.0, 1.0, 0.0, 1.0, 0.0, 0.0, 0.0, 0.0, 1.0, 0.0, 0.0, 2.0, 1.0, 0.0, 0.0, 0.0, 0.0, 0.0, 0.0, 0.0, 0.0, 0.0, 0.0, 0.0, 0.0, 0.0, 1.0, 0.0, 0.0, 0.0, 0.0, 0.0, 0.0, 0.0, 0.0, 0.0, 0.0, 0.0, 0.0, 0.0, 0.0, 0.0, 0.0, 0.0, 1.0, 0.0, 0.0, 0.0, 0.0, 0.0, 0.0, 0.0, 1.0, 0.0, 0.0, 1.0],