{"parameters/model.lstm.weight_ih_l0": {"_type": "histogram", "values": [9.0, 6.0, 9.0, 6.0, 10.0, 6.0, 7.0, 2.0, 6.0, 8.0, 7.0, 4.0, 5.0, 6.0, 3.0, 8.0, 7.0, 7.0, 6.0, 5.0, 9.0, 5.0, 4.0, 10.0, 5.0, 6.0, 10.0, 6.0, 2.0, 5.0, 5.0, 7.0, 7.0, 6.0, 7.0, 5.0, 7.0, 3.0, 6.0, 5.0, 5.0, 4.0, 5.0, 7.0, 5.0, 3.0, 8.0, 4.0, 5.0, 5.0, 9.0, 4.0, 7.0, 8.0, 6.0, 5.0, 5.0, 7.0, 7.0, 7.0, 4.0, 6.0, 2.0, 9.0], "bins": [-0.28776249289512634, -0.27876749634742737, -0.269772469997406, -0.26077747344970703, -0.25178247690200806, -0.2427874505519867, -0.23379245400428772, -0.22479744255542755, -0.21580243110656738, -0.20680741965770721, -0.19781242311000824, -0.18881741166114807, -0.1798224002122879, -0.17082738876342773, -0.16183239221572876, -0.1528373807668686, -0.14384238421916962, -0.13484737277030945, -0.12585237622261047, -0.1168573647737503, -0.10786235332489014, -0.09886734932661057, -0.089872345328331, -0.08087733387947083, -0.07188233733177185, -0.06288733333349228, -0.05389232188463211, -0.04489731788635254, -0.03590231016278267, -0.0269073024392128, -0.017912298440933228, -0.008917286992073059, 7.772445678710938e-05, 0.009072731249034405, 0.0180677380412817, 0.02706274390220642, 0.03605775162577629, 0.04505275934934616, 0.05404776334762573, 0.0630427747964859, 0.07203778624534607, 0.08103279024362564, 0.09002780169248581, 0.09902280569076538, 0.10801781713962555, 0.11701282113790512, 0.1260078251361847, 0.13500283658504486, 0.14399783313274384, 0.152992844581604, 0.16198784112930298, 0.17098285257816315, 0.17997786402702332, 0.1889728605747223, 0.19796787202358246, 0.20696288347244263, 0.2159578800201416, 0.22495289146900177, 0.23394788801670074, 0.2429428994655609, 0.2519378960132599, 0.26093292236328125, 0.2699279189109802, 0.2789229154586792, 0.28791794180870056]}, "parameters/model.lstm.weight_hh_l0": {"_type": "histogram", "values": [8.0, 7.0, 6.0, 10.0, 15.0, 12.0, 13.0, 14.0, 7.0, 15.0, 9.0, 12.0, 11.0, 7.0, 6.0, 4.0, 9.0, 11.0, 11.0, 8.0, 8.0, 12.0, 4.0, 4.0, 11.0, 5.0, 9.0, 9.0, 7.0, 8.0, 9.0, 14.0, 9.0, 7.0, 9.0, 13.0, 4.0, 8.0, 8.0, 12.0, 6.0, 12.0, 16.0, 3.0, 10.0, 12.0, 13.0, 9.0, 4.0, 10.0, 7.0, 12.0, 9.0, 9.0, 10.0, 10.0, 7.0, 10.0, 11.0, 7.0, 3.0, 5.0, 7.0, 9.0], "bins": [-0.2848660349845886, -0.2758997678756714, -0.26693350076675415, -0.2579672634601593, -0.24900099635124207, -0.24003472924232483, -0.2310684770345688, -0.22210222482681274, -0.2131359577178955, -0.20416969060897827, -0.19520343840122223, -0.1862371861934662, -0.17727091908454895, -0.1683046519756317, -0.15933839976787567, -0.15037214756011963, -0.1414058804512024, -0.13243961334228516, -0.12347336113452911, -0.11450710147619247, -0.10554084181785583, -0.0965745821595192, -0.08760832250118256, -0.07864206284284592, -0.06967580318450928, -0.06070954352617264, -0.051743283867836, -0.04277702420949936, -0.03381076455116272, -0.02484450489282608, -0.01587824523448944, -0.0069119855761528015, 0.002054274082183838, 0.011020533740520477, 0.019986793398857117, 0.028953053057193756, 0.037919312715530396, 0.046885572373867035, 0.055851832032203674, 0.06481809169054031, 0.07378435134887695, 0.08275061100721359, 0.09171687066555023, 0.10068313032388687, 0.10964938998222351, 0.11861564964056015, 0.1275819092988968, 0.13654816150665283, 0.14551442861557007, 0.1544806957244873, 0.16344694793224335, 0.1724132001399994, 0.18137946724891663, 0.19034573435783386, 0.1993119865655899, 0.20827823877334595, 0.21724450588226318, 0.22621077299118042, 0.23517702519893646, 0.2441432774066925, 0.25310954451560974, 0.262075811624527, 0.2710420489311218, 0.28000831604003906, 0.2889745831489563]}, "parameters/model.lstm.bias_ih_l0": {"_type": "histogram", "values": [2.0, 1.0, 1.0, 1.0, 1.0, 0.0, 0.0, 2.0, 0.0, 3.0, 0.0, 3.0, 1.0, 1.0, 0.0, 0.0, 0.0, 2.0, 1.0, 0.0, 1.0, 2.0, 0.0, 0.0, 1.0, 0.0, 0.0, 0.0, 1.0, 1.0, 0.0, 0.0, 0.0, 0.0, 1.0, 0.0, 0.0, 1.0, 1.0, 1.0, 0.0, 1.0, 0.0, 2.0, 1.0, 0.0, 2.0, 1.0, 0.0, 0.0, 1.0, 0.0, 1.0, 1.0, 2.0, 2.0, 1.0, 0.0, 2.0, 0.0, 0.0, 0.0, 0.0, 2.0], "bins": [-0.2680976986885071, -0.25954025983810425, -0.2509828209877014, -0.24242539703845978, -0.23386797308921814, -0.2253105342388153, -0.21675309538841248, -0.20819565653800964, -0.199638232588768, -0.19108079373836517, -0.18252336978912354, -0.1739659309387207, -0.16540849208831787, -0.15685106813907623, -0.1482936292886734, -0.13973620533943176, -0.13117876648902893, -0.1226213350892067, -0.11406390368938446, -0.10550646483898163, -0.0969490334391594, -0.08839160203933716, -0.07983416318893433, -0.07127673178911209, -0.06271930038928986, -0.05416186898946762, -0.04560443386435509, -0.037046998739242554, -0.02848956733942032, -0.019932135939598083, -0.01137470081448555, -0.0028172656893730164, 0.005740165710449219, 0.014297598972916603, 0.022855032235383987, 0.03141246736049652, 0.039969898760318756, 0.04852733016014099, 0.057084765285253525, 0.06564220041036606, 0.0741996318101883, 0.08275706321001053, 0.09131449460983276, 0.0998719334602356, 0.10842936486005783, 0.11698679625988007, 0.1255442351102829, 0.13410165905952454, 0.14265909790992737, 0.1512165367603302, 0.15977396070957184, 0.16833139955997467, 0.1768888235092163, 0.18544626235961914, 0.19400370121002197, 0.2025611400604248, 0.21111856400966644, 0.21967600286006927, 0.2282334268093109, 0.23679086565971375, 0.24534830451011658, 0.253905713558197, 0.26246315240859985, 0.2710205912590027, 0.2795780301094055]}, "parameters/model.lstm.bias_hh_l0": {"_type": "histogram", "values": [6.0, 3.0, 0.0, 0.0, 1.0, 0.0, 1.0, 0.0, 0.0, 1.0, 1.0, 0.0, 1.0, 0.0, 0.0, 1.0, 1.0, 1.0, 1.0, 2.0, 0.0, 1.0, 0.0, 1.0, 0.0, 0.0, 1.0, 0.0, 1.0, 2.0, 0.0, 1.0, 2.0, 0.0, 0.0, 0.0, 0.0, 0.0, 0.0, 1.0, 1.0, 1.0, 0.0, 2.0, 2.0, 0.0, 1.0, 0.0, 0.0, 0.0, 0.0, 2.0, 1.0, 0.0, 0.0, 0.0, 1.0, 1.0, 2.0, 1.0, 0.0, 0.0, 1.0, 2.0], "bins": [-0.2864643335342407, -0.27769431471824646, -0.2689242959022522, -0.2601543068885803, -0.25138428807258606, -0.2426142692565918, -0.23384425044059753, -0.22507423162460327, -0.216304212808609, -0.20753419399261475, -0.19876419007778168, -0.18999417126178741, -0.18122415244579315, -0.17245414853096008, -0.16368412971496582, -0.15491411089897156, -0.1461441069841385, -0.13737408816814423, -0.12860408425331116, -0.1198340654373169, -0.11106404662132263, -0.10229403525590897, -0.0935240238904953, -0.08475400507450104, -0.07598400115966797, -0.0672139897942543, -0.05844397097826004, -0.049673959612846375, -0.04090394452214241, -0.032133929431438446, -0.02336391806602478, -0.014593902975320816, -0.005823880434036255, 0.0029461337253451347, 0.011716147884726524, 0.02048616111278534, 0.029256176203489304, 0.03802619129419327, 0.046796202659606934, 0.0555662177503109, 0.06433624029159546, 0.07310625165700912, 0.08187627047300339, 0.09064628183841705, 0.09941630065441132, 0.10818631201982498, 0.11695632338523865, 0.1257263422012329, 0.13449634611606598, 0.14326636493206024, 0.1520363688468933, 0.16080638766288757, 0.16957640647888184, 0.1783464252948761, 0.18711642920970917, 0.19588644802570343, 0.2046564519405365, 0.21342647075653076, 0.22219647467136383, 0.2309664934873581, 0.23973651230335236, 0.24850651621818542, 0.2572765350341797, 0.26604655385017395, 0.2748165726661682]}, "parameters/model.fc.weight": {"_type": "histogram", "values": [1.0, 0.0, 0.0, 0.0, 1.0, 0.0, 0.0, 1.0, 0.0, 0.0, 0.0, 1.0, 0.0, 0.0, 0.0, 1.0, 0.0, 0.0, 0.0, 0.0, 0.0, 0.0, 0.0, 0.0, 0.0, 0.0, 0.0, 0.0, 0.0, 0.0, 0.0, 0.0, 0.0, 0.0, 0.0, 0.0, 1.0, 0.0, 0.0, 0.0, 0.0, 0.0, 0.0, 1.0, 0.0, 0.0, 0.0, 0.0, 1.0, 0.0, 1.0, 1.0, 1.0, 0.0, 0.0, 0.0, 0.0, 0.0, 0.0, 0.0, 0.0, 0.0, 0.0, 1.0],