{"parameters/model.lstm.weight_ih_l0": {"_type": "histogram", "values": [1.0, 6.0, 9.0, 4.0, 3.0, 8.0, 7.0, 6.0, 8.0, 8.0, 7.0, 5.0, 2.0, 8.0, 3.0, 4.0, 3.0, 7.0, 3.0, 3.0, 4.0, 8.0, 6.0, 4.0, 6.0, 3.0, 5.0, 6.0, 7.0, 7.0, 4.0, 9.0, 9.0, 8.0, 9.0, 7.0, 8.0, 4.0, 3.0, 4.0, 4.0, 7.0, 4.0, 4.0, 4.0, 10.0, 5.0, 6.0, 12.0, 6.0, 7.0, 6.0, 8.0, 5.0, 10.0, 8.0, 10.0, 5.0, 4.0, 6.0, 5.0, 11.0, 7.0, 4.0], "bins": [-0.28845617175102234, -0.27944961190223694, -0.27044305205345154, -0.26143649220466614, -0.25242993235588074, -0.24342337250709534, -0.23441679775714874, -0.22541023790836334, -0.21640367805957794, -0.20739711821079254, -0.19839055836200714, -0.18938399851322174, -0.18037742376327515, -0.17137086391448975, -0.16236430406570435, -0.15335774421691895, -0.14435118436813354, -0.13534462451934814, -0.12633806467056274, -0.11733149737119675, -0.10832493752241135, -0.09931837767362595, -0.09031181037425995, -0.08130525052547455, -0.07229869067668915, -0.06329213082790375, -0.05428556725382805, -0.04527900367975235, -0.03627244383096695, -0.02726588398218155, -0.01825932040810585, -0.009252756834030151, -0.000246196985244751, 0.008760364726185799, 0.01776692643761635, 0.026773488149046898, 0.03578004986047745, 0.04478660970926285, 0.05379317328333855, 0.06279973685741425, 0.07180629670619965, 0.08081285655498505, 0.08981941640377045, 0.09882598370313644, 0.10783254355192184, 0.11683910340070724, 0.12584567070007324, 0.13485223054885864, 0.14385879039764404, 0.15286535024642944, 0.16187191009521484, 0.17087846994400024, 0.17988502979278564, 0.18889158964157104, 0.19789816439151764, 0.20690472424030304, 0.21591128408908844, 0.22491784393787384, 0.23392440378665924, 0.24293096363544464, 0.25193753838539124, 0.26094409823417664, 0.26995065808296204, 0.27895721793174744, 0.28796377778053284]}, "parameters/model.lstm.weight_hh_l0": {"_type": "histogram", "values": [11.0, 20.0, 15.0, 4.0, 8.0, 14.0, 10.0, 6.0, 7.0, 5.0, 13.0, 7.0, 9.0, 9.0, 9.0, 11.0, 9.0, 10.0, 5.0, 8.0, 10.0, 7.0, 11.0, 11.0, 6.0, 10.0, 6.0, 8.0, 4.0, 14.0, 4.0, 6.0, 9.0, 8.0, 12.0, 8.0, 8.0, 5.0, 17.0, 6.0, 6.0, 10.0, 8.0, 5.0, 6.0, 14.0, 9.0, 7.0, 13.0, 3.0, 12.0, 14.0, 11.0, 11.0, 7.0, 11.0, 12.0, 6.0, 10.0, 6.0, 8.0, 15.0, 4.0, 8.0], "bins": [-0.288459450006485, -0.27944618463516235, -0.2704329490661621, -0.2614196836948395, -0.25240641832351685, -0.2433931827545166, -0.23437991738319397, -0.22536666691303253, -0.2163534164428711, -0.20734016597270966, -0.19832691550254822, -0.18931365013122559, -0.18030039966106415, -0.1712871491909027, -0.16227388381958008, -0.15326063334941864, -0.1442473828792572, -0.13523413240909576, -0.12622088193893433, -0.1172076165676117, -0.10819436609745026, -0.09918111562728882, -0.09016785770654678, -0.08115459978580475, -0.07214134931564331, -0.06312809884548187, -0.05411484092473984, -0.0451015867292881, -0.036088332533836365, -0.02707507833838463, -0.018061824142932892, -0.009048566222190857, -3.5315752029418945e-05, 0.008977938443422318, 0.017991192638874054, 0.02700444683432579, 0.03601770102977753, 0.04503095522522926, 0.054044209420681, 0.06305746734142303, 0.07207071781158447, 0.08108396828174591, 0.09009722620248795, 0.09911048412322998, 0.10812373459339142, 0.11713698506355286, 0.1261502504348755, 0.13516350090503693, 0.14417675137519836, 0.1531900018453598, 0.16220325231552124, 0.17121651768684387, 0.1802297681570053, 0.18924301862716675, 0.19825628399848938, 0.20726953446865082, 0.21628278493881226, 0.2252960354089737, 0.23430928587913513, 0.24332255125045776, 0.252335786819458, 0.26134905219078064, 0.27036231756210327, 0.2793755531311035, 0.28838881850242615]}, "parameters/model.lstm.bias_ih_l0": {"_type": "histogram", "values": [2.0, 0.0, 0.0, 0.0, 0.0, 1.0, 0.0, 0.0, 0.0, 0.0, 1.0, 2.0, 0.0, 0.0, 2.0, 0.0, 0.0, 1.0, 2.0, 1.0, 0.0, 1.0, 2.0, 1.0, 0.0, 0.0, 0.0, 2.0, 1.0, 1.0, 0.0, 1.0, 1.0, 1.0, 0.0, 1.0, 0.0, 0.0, 0.0, 1.0, 2.0, 0.0, 2.0, 1.0, 1.0, 1.0, 1.0, 1.0, 0.0, 0.0, 2.0, 1.0, 1.0, 1.0, 0.0, 0.0, 2.0, 1.0, 0.0, 1.0, 2.0, 0.0, 2.0, 1.0], "bins": [-0.2828885018825531, -0.2743002772331238, -0.26571202278137207, -0.25712379813194275, -0.24853555858135223, -0.23994731903076172, -0.2313590943813324, -0.22277085483074188, -0.21418261528015137, -0.20559437572956085, -0.19700615108013153, -0.18841791152954102, -0.1798296719789505, -0.17124143242835999, -0.16265320777893066, -0.15406496822834015, -0.14547674357891083, -0.1368885040283203, -0.128300279378891, -0.11971203982830048, -0.11112380027770996, -0.10253556817770004, -0.09394733607769012, -0.08535909652709961, -0.07677087187767029, -0.06818263977766037, -0.059594400227069855, -0.051006168127059937, -0.04241793230175972, -0.0338296964764595, -0.025241464376449585, -0.01665322855114937, -0.008064985275268555, 0.0005232496187090874, 0.00911148451268673, 0.017699718475341797, 0.026287954300642014, 0.03487619012594223, 0.04346442222595215, 0.052052658051252365, 0.06064090132713318, 0.0692291334271431, 0.07781737297773361, 0.08640560507774353, 0.09499384462833405, 0.10358207672834396, 0.11217030882835388, 0.1207585483789444, 0.12934677302837372, 0.13793501257896423, 0.14652323722839355, 0.15511147677898407, 0.16369971632957458, 0.1722879409790039, 0.18087618052959442, 0.18946442008018494, 0.19805264472961426, 0.20664088428020477, 0.2152291089296341, 0.2238173484802246, 0.23240558803081512, 0.24099382758140564, 0.24958205223083496, 0.2581702768802643, 0.266758531332016]}, "parameters/model.lstm.bias_hh_l0": {"_type": "histogram", "values": [1.0, 1.0, 4.0, 2.0, 2.0, 1.0, 0.0, 1.0, 1.0, 1.0, 0.0, 2.0, 0.0, 0.0, 1.0, 0.0, 4.0, 0.0, 1.0, 0.0, 0.0, 0.0, 1.0, 0.0, 2.0, 1.0, 1.0, 0.0, 0.0, 0.0, 0.0, 0.0, 0.0, 1.0, 0.0, 0.0, 1.0, 0.0, 0.0, 1.0, 1.0, 0.0, 0.0, 2.0, 2.0, 3.0, 0.0, 1.0, 1.0, 0.0, 0.0, 0.0, 0.0, 1.0, 0.0, 1.0, 0.0, 3.0, 0.0, 1.0, 0.0, 1.0, 0.0, 1.0], "bins": [-0.28263434767723083, -0.27421775460243225, -0.2658011317253113, -0.2573845386505127, -0.24896793067455292, -0.24055132269859314, -0.23213472962379456, -0.22371812164783478, -0.215301513671875, -0.20688490569591522, -0.19846829771995544, -0.19005170464515686, -0.18163509666919708, -0.1732184886932373, -0.16480189561843872, -0.15638528764247894, -0.14796867966651917, -0.1395520716905594, -0.1311354637145996, -0.12271887063980103, -0.11430226266384125, -0.10588565468788147, -0.09746905416250229, -0.08905245363712311, -0.08063584566116333, -0.07221923768520355, -0.06380263715982437, -0.05538603290915489, -0.04696942865848541, -0.03855282440781593, -0.030136220157146454, -0.021719615906476974, -0.013303041458129883, -0.0048864372074604034, 0.003530167043209076, 0.011946771293878555, 0.020363375544548035, 0.028779979795217514, 0.03719658404588699, 0.04561318829655647, 0.05402979254722595, 0.06244639679789543, 0.07086300104856491, 0.07927960157394409, 0.08769620954990387, 0.09611281752586365, 0.10452941805124283, 0.11294601857662201, 0.12136262655258179, 0.12977923452854156, 0.13819584250450134, 0.14661243557929993, 0.1550290435552597, 0.16344565153121948, 0.17186224460601807, 0.18027885258197784, 0.18869546055793762, 0.1971120685338974, 0.20552867650985718, 0.21394526958465576, 0.22236187756061554, 0.23077848553657532, 0.2391950786113739, 0.24761168658733368, 0.25602829456329346]}, "parameters/model.fc.weight": {"_type": "histogram", "values": [1.0, 0.0, 0.0, 0.0, 0.0, 0.0, 0.0, 0.0, 0.0, 0.0, 0.0, 0.0, 0.0, 0.0, 0.0, 0.0, 1.0, 0.0, 0.0, 1.0, 0.0, 0.0, 0.0, 1.0, 0.0, 0.0, 0.0, 0.0, 0.0, 0.0, 0.0, 0.0, 0.0, 1.0, 0.0, 0.0, 0.0, 0.0, 0.0, 0.0, 0.0, 1.0, 0.0, 0.0, 0.0, 0.0, 0.0, 1.0, 1.0, 0.0, 0.0, 1.0, 0.0, 0.0, 0.0, 0.0, 0.0, 1.0, 0.0, 1.0, 0.0, 0.0, 0.0, 1.0],