{"parameters/model.lstm.weight_ih_l0": {"_type": "histogram", "values": [7.0, 10.0, 8.0, 14.0, 5.0, 6.0, 3.0, 3.0, 9.0, 3.0, 5.0, 13.0, 7.0, 9.0, 9.0, 2.0, 8.0, 3.0, 5.0, 9.0, 12.0, 7.0, 7.0, 5.0, 4.0, 2.0, 8.0, 6.0, 6.0, 1.0, 4.0, 5.0, 2.0, 10.0, 4.0, 8.0, 2.0, 7.0, 4.0, 6.0, 7.0, 8.0, 4.0, 12.0, 9.0, 4.0, 3.0, 4.0, 5.0, 2.0, 6.0, 5.0, 4.0, 4.0, 2.0, 6.0, 6.0, 6.0, 6.0, 3.0, 8.0, 8.0, 10.0, 4.0], "bins": [-0.28425267338752747, -0.2753109037876129, -0.26636913418769836, -0.2574273645877838, -0.24848558008670807, -0.23954381048679352, -0.23060202598571777, -0.22166025638580322, -0.21271848678588867, -0.20377671718597412, -0.19483494758605957, -0.18589316308498383, -0.17695139348506927, -0.16800962388515472, -0.15906783938407898, -0.15012606978416443, -0.14118430018424988, -0.13224253058433533, -0.12330075353384018, -0.11435897648334503, -0.10541720688343048, -0.09647543728351593, -0.08753366023302078, -0.07859188318252563, -0.06965011358261108, -0.060708340257406235, -0.051766566932201385, -0.042824793606996536, -0.03388302028179169, -0.024941246956586838, -0.01599947363138199, -0.007057696580886841, 0.00188407301902771, 0.01082584634423256, 0.01976761966943741, 0.028709392994642258, 0.03765116631984711, 0.046592939645051956, 0.055534712970256805, 0.06447649002075195, 0.0734182596206665, 0.08236002922058105, 0.0913018062710762, 0.10024358332157135, 0.1091853529214859, 0.11812712252140045, 0.1270689070224762, 0.13601067662239075, 0.1449524462223053, 0.15389421582221985, 0.1628359854221344, 0.17177776992321014, 0.1807195395231247, 0.18966130912303925, 0.198603093624115, 0.20754486322402954, 0.2164866328239441, 0.22542840242385864, 0.2343701720237732, 0.24331195652484894, 0.2522537112236023, 0.26119551062583923, 0.2701372802257538, 0.27907904982566833, 0.2880208194255829]}, "parameters/model.lstm.weight_hh_l0": {"_type": "histogram", "values": [4.0, 12.0, 10.0, 10.0, 6.0, 11.0, 3.0, 6.0, 11.0, 8.0, 17.0, 9.0, 10.0, 10.0, 13.0, 3.0, 16.0, 13.0, 6.0, 11.0, 11.0, 5.0, 10.0, 10.0, 10.0, 7.0, 11.0, 11.0, 6.0, 12.0, 11.0, 11.0, 14.0, 11.0, 9.0, 11.0, 8.0, 7.0, 8.0, 8.0, 6.0, 8.0, 4.0, 14.0, 4.0, 10.0, 4.0, 7.0, 3.0, 9.0, 8.0, 8.0, 14.0, 4.0, 7.0, 6.0, 10.0, 8.0, 13.0, 6.0, 9.0, 13.0, 11.0, 10.0], "bins": [-0.2886194884777069, -0.27961647510528564, -0.27061349153518677, -0.2616105079650879, -0.2526074945926666, -0.24360449612140656, -0.23460149765014648, -0.2255984991788864, -0.21659550070762634, -0.20759250223636627, -0.1985895037651062, -0.18958650529384613, -0.18058350682258606, -0.171580508351326, -0.16257750988006592, -0.15357451140880585, -0.14457151293754578, -0.1355685144662857, -0.12656551599502563, -0.11756251752376556, -0.1085595190525055, -0.09955652058124542, -0.09055352210998535, -0.08155052363872528, -0.07254752516746521, -0.06354452669620514, -0.05454152822494507, -0.045538529753685, -0.03653553128242493, -0.027532532811164856, -0.018529534339904785, -0.009526535868644714, -0.0005235373973846436, 0.008479461073875427, 0.017482459545135498, 0.02648545801639557, 0.03548845648765564, 0.04449145495891571, 0.05349445343017578, 0.06249745190143585, 0.07150045037269592, 0.080503448843956, 0.08950644731521606, 0.09850944578647614, 0.1075124442577362, 0.11651544272899628, 0.12551844120025635, 0.13452143967151642, 0.1435244381427765, 0.15252743661403656, 0.16153043508529663, 0.1705334335565567, 0.17953643202781677, 0.18853943049907684, 0.19754242897033691, 0.20654542744159698, 0.21554842591285706, 0.22455142438411713, 0.2335544228553772, 0.24255742132663727, 0.25156041979789734, 0.2605634331703186, 0.2695664167404175, 0.27856940031051636, 0.2875724136829376]}, "parameters/model.lstm.bias_ih_l0": {"_type": "histogram", "values": [2.0, 1.0, 0.0, 1.0, 0.0, 1.0, 1.0, 2.0, 1.0, 0.0, 0.0, 1.0, 1.0, 1.0, 1.0, 2.0, 0.0, 1.0, 1.0, 1.0, 1.0, 0.0, 0.0, 0.0, 2.0, 0.0, 2.0, 1.0, 1.0, 0.0, 0.0, 1.0, 0.0, 1.0, 0.0, 0.0, 0.0, 1.0, 1.0, 2.0, 0.0, 0.0, 0.0, 0.0, 0.0, 1.0, 2.0, 0.0, 1.0, 0.0, 0.0, 2.0, 1.0, 2.0, 0.0, 0.0, 0.0, 0.0, 1.0, 3.0, 2.0, 1.0, 0.0, 1.0], "bins": [-0.26021191477775574, -0.25165504217147827, -0.2430981695652008, -0.23454129695892334, -0.22598442435264587, -0.2174275517463684, -0.20887069404125214, -0.20031382143497467, -0.1917569488286972, -0.18320007622241974, -0.17464320361614227, -0.1660863310098648, -0.15752947330474854, -0.14897260069847107, -0.1404157280921936, -0.13185885548591614, -0.12330198287963867, -0.1147451102733612, -0.10618823766708374, -0.09763137251138687, -0.0890744999051094, -0.08051762729883194, -0.07196076214313507, -0.0634038895368576, -0.05484701693058014, -0.04629014432430267, -0.037733275443315506, -0.02917640469968319, -0.020619533956050873, -0.012062661349773407, -0.0035057924687862396, 0.005051076412200928, 0.013607919216156006, 0.022164789959788322, 0.03072166070342064, 0.039278529584407806, 0.04783540219068527, 0.05639227479696274, 0.0649491399526596, 0.07350601255893707, 0.08206288516521454, 0.090619757771492, 0.09917663037776947, 0.10773349553346634, 0.1162903681397438, 0.12484724074602127, 0.13340410590171814, 0.1419609785079956, 0.15051785111427307, 0.15907472372055054, 0.167631596326828, 0.17618846893310547, 0.18474534153938293, 0.1933022141456604, 0.20185907185077667, 0.21041594445705414, 0.2189728170633316, 0.22752968966960907, 0.23608656227588654, 0.244643434882164, 0.2532002925872803, 0.26175716519355774, 0.2703140377998352, 0.27887091040611267, 0.28742778301239014]}, "parameters/model.lstm.bias_hh_l0": {"_type": "histogram", "values": [2.0, 0.0, 1.0, 1.0, 0.0, 0.0, 0.0, 4.0, 0.0, 1.0, 1.0, 0.0, 2.0, 0.0, 1.0, 1.0, 0.0, 0.0, 0.0, 2.0, 0.0, 0.0, 1.0, 0.0, 1.0, 1.0, 0.0, 1.0, 1.0, 0.0, 1.0, 2.0, 1.0, 1.0, 1.0, 0.0, 0.0, 0.0, 2.0, 1.0, 1.0, 0.0, 0.0, 0.0, 0.0, 0.0, 2.0, 0.0, 3.0, 2.0, 1.0, 1.0, 1.0, 0.0, 0.0, 0.0, 1.0, 1.0, 1.0, 0.0, 1.0, 1.0, 0.0, 2.0], "bins": [-0.28301510214805603, -0.2741623520851135, -0.2653096318244934, -0.2564568817615509, -0.2476041465997696, -0.23875141143798828, -0.22989867627620697, -0.22104594111442566, -0.21219319105148315, -0.20334045588970184, -0.19448772072792053, -0.18563497066497803, -0.17678223550319672, -0.1679295003414154, -0.1590767651796341, -0.15022403001785278, -0.14137129485607147, -0.13251855969429016, -0.12366581708192825, -0.11481308192014694, -0.10596033930778503, -0.09710760414600372, -0.08825486898422241, -0.0794021338224411, -0.07054939866065979, -0.06169665977358818, -0.05284392088651657, -0.04399118572473526, -0.03513844683766365, -0.02628570795059204, -0.01743297278881073, -0.00858023390173912, 0.00027251243591308594, 0.00912525039166212, 0.017977988347411156, 0.026830725371837616, 0.035683464258909225, 0.044536203145980835, 0.053388938307762146, 0.062241677194833755, 0.07109442353248596, 0.07994715869426727, 0.08879990130662918, 0.09765263646841049, 0.1065053790807724, 0.11535811424255371, 0.12421084940433502, 0.13306358456611633, 0.14191631972789764, 0.15076905488967896, 0.15962179005146027, 0.16847452521324158, 0.17732727527618408, 0.1861800104379654, 0.1950327455997467, 0.20388548076152802, 0.21273821592330933, 0.22159095108509064, 0.23044368624687195, 0.23929643630981445, 0.24814917147159576, 0.2570019066333771, 0.2658546566963196, 0.2747073769569397, 0.2835601270198822]}, "parameters/model.fc.weight": {"_type": "histogram", "values": [1.0, 0.0, 0.0, 0.0, 0.0, 0.0, 1.0, 0.0, 1.0, 0.0, 1.0, 0.0, 1.0, 0.0, 0.0, 1.0, 0.0, 0.0, 0.0, 0.0, 0.0, 0.0, 0.0, 0.0, 0.0, 0.0, 0.0, 0.0, 0.0, 1.0, 0.0, 0.0, 0.0, 0.0, 0.0, 0.0, 0.0, 0.0, 0.0, 1.0, 0.0, 0.0, 0.0, 0.0, 0.0, 1.0, 0.0, 0.0, 0.0, 0.0, 0.0, 0.0, 0.0, 0.0, 1.0, 1.0, 0.0, 0.0, 0.0, 0.0, 0.0, 0.0, 0.0, 1.0],