{"parameters/model.lstm.weight_ih_l0": {"_type": "histogram", "values": [8.0, 9.0, 4.0, 6.0, 6.0, 10.0, 7.0, 6.0, 7.0, 8.0, 8.0, 5.0, 3.0, 4.0, 2.0, 5.0, 7.0, 5.0, 5.0, 11.0, 9.0, 4.0, 10.0, 9.0, 4.0, 6.0, 6.0, 2.0, 4.0, 7.0, 8.0, 8.0, 2.0, 3.0, 3.0, 5.0, 3.0, 6.0, 3.0, 13.0, 7.0, 8.0, 3.0, 4.0, 2.0, 9.0, 5.0, 7.0, 5.0, 11.0, 8.0, 5.0, 8.0, 5.0, 6.0, 3.0, 3.0, 11.0, 4.0, 7.0, 6.0, 3.0, 8.0, 5.0], "bins": [-0.28219878673553467, -0.27332496643066406, -0.26445114612579346, -0.25557732582092285, -0.24670352041721344, -0.23782970011234283, -0.22895589470863342, -0.22008207440376282, -0.2112082540988922, -0.2023344337940216, -0.193460613489151, -0.1845868080854416, -0.17571298778057098, -0.16683916747570038, -0.15796536207199097, -0.14909154176712036, -0.14021772146224976, -0.13134390115737915, -0.12247008830308914, -0.11359627544879913, -0.10472245514392853, -0.09584863483905792, -0.08697482198476791, -0.0781010091304779, -0.0692271888256073, -0.06035337224602699, -0.051479555666446686, -0.04260573908686638, -0.03373192250728607, -0.024858105927705765, -0.015984289348125458, -0.007110472768545151, 0.001763373613357544, 0.010637190192937851, 0.019511006772518158, 0.028384823352098465, 0.03725863993167877, 0.04613245651125908, 0.055006273090839386, 0.0638800859451294, 0.07275390625, 0.0816277265548706, 0.09050153940916061, 0.09937535226345062, 0.10824917256832123, 0.11712299287319183, 0.12599679827690125, 0.13487061858177185, 0.14374443888664246, 0.15261825919151306, 0.16149207949638367, 0.17036588490009308, 0.17923970520496368, 0.1881135255098343, 0.1969873309135437, 0.2058611512184143, 0.2147349715232849, 0.22360879182815552, 0.23248261213302612, 0.24135641753673553, 0.25023025274276733, 0.25910404324531555, 0.26797786355018616, 0.27685168385505676, 0.28572550415992737]}, "parameters/model.lstm.weight_hh_l0": {"_type": "histogram", "values": [9.0, 8.0, 9.0, 11.0, 12.0, 6.0, 9.0, 11.0, 9.0, 7.0, 12.0, 11.0, 7.0, 8.0, 10.0, 14.0, 6.0, 12.0, 6.0, 9.0, 11.0, 4.0, 9.0, 3.0, 9.0, 10.0, 9.0, 7.0, 8.0, 14.0, 7.0, 4.0, 4.0, 8.0, 10.0, 15.0, 8.0, 8.0, 8.0, 6.0, 9.0, 5.0, 11.0, 13.0, 10.0, 13.0, 9.0, 11.0, 13.0, 10.0, 15.0, 15.0, 4.0, 10.0, 11.0, 5.0, 5.0, 11.0, 8.0, 8.0, 5.0, 9.0, 6.0, 12.0], "bins": [-0.2874170243740082, -0.27841615676879883, -0.2694152593612671, -0.26041439175605774, -0.251413494348526, -0.24241262674331665, -0.2334117442369461, -0.22441086173057556, -0.2154099941253662, -0.20640911161899567, -0.19740822911262512, -0.18840736150741577, -0.17940647900104523, -0.17040559649467468, -0.16140471398830414, -0.1524038314819336, -0.14340294897556305, -0.1344020664691925, -0.12540118396282196, -0.11640030890703201, -0.10739943385124207, -0.09839855134487152, -0.08939766883850098, -0.08039679378271103, -0.07139590382575989, -0.06239502504467964, -0.053394146263599396, -0.04439326375722885, -0.035392384976148605, -0.02639150619506836, -0.017390623688697815, -0.008389748632907867, 0.0006111264228820801, 0.0096120061352849, 0.01861288584768772, 0.027613766491413116, 0.03661464527249336, 0.04561552405357361, 0.05461640655994415, 0.0636172816157341, 0.07261815667152405, 0.08161903917789459, 0.09061991423368454, 0.09962079674005508, 0.10862167179584503, 0.11762255430221558, 0.12662343680858612, 0.13562431931495667, 0.1446252018213272, 0.15362608432769775, 0.1626269668340683, 0.17162784934043884, 0.1806287169456482, 0.18962959945201874, 0.19863048195838928, 0.20763134956359863, 0.21663224697113037, 0.22563312947750092, 0.23463401198387146, 0.2436348795890808, 0.25263577699661255, 0.2616366446018219, 0.27063751220703125, 0.279638409614563, 0.28863927721977234]}, "parameters/model.lstm.bias_ih_l0": {"_type": "histogram", "values": [2.0, 0.0, 1.0, 1.0, 2.0, 1.0, 1.0, 1.0, 0.0, 1.0, 0.0, 0.0, 2.0, 1.0, 0.0, 0.0, 0.0, 0.0, 1.0, 0.0, 1.0, 2.0, 2.0, 2.0, 2.0, 0.0, 2.0, 0.0, 1.0, 0.0, 0.0, 3.0, 1.0, 1.0, 1.0, 1.0, 1.0, 0.0, 0.0, 1.0, 1.0, 0.0, 0.0, 1.0, 1.0, 1.0, 0.0, 1.0, 0.0, 0.0, 1.0, 0.0, 1.0, 1.0, 0.0, 2.0, 0.0, 0.0, 1.0, 1.0, 0.0, 0.0, 0.0, 1.0], "bins": [-0.28552958369255066, -0.27674350142478943, -0.2679574191570282, -0.25917136669158936, -0.2503852844238281, -0.2415992021560669, -0.23281311988830566, -0.22402703762054443, -0.2152409702539444, -0.20645488798618317, -0.19766882061958313, -0.1888827383518219, -0.18009665608406067, -0.17131058871746063, -0.1625245064496994, -0.15373843908309937, -0.14495235681533813, -0.1361662745475769, -0.12738020718097687, -0.11859412491321564, -0.109808050096035, -0.10102197527885437, -0.09223589301109314, -0.0834498181939125, -0.07466374337673187, -0.06587766855955124, -0.05709159001708031, -0.048305511474609375, -0.03951943665742874, -0.030733361840248108, -0.021947283297777176, -0.013161204755306244, -0.00437512993812561, 0.004410946741700172, 0.013197023421525955, 0.021983100101351738, 0.03076917678117752, 0.039555251598358154, 0.048341330140829086, 0.05712740868330002, 0.06591348350048065, 0.07469955831766129, 0.08348563313484192, 0.09227171540260315, 0.10105779021978378, 0.10984386503696442, 0.11862994730472565, 0.12741601467132568, 0.13620209693908691, 0.14498817920684814, 0.15377424657344818, 0.1625603288412094, 0.17134639620780945, 0.18013247847557068, 0.1889185607433319, 0.19770464301109314, 0.20649071037769318, 0.2152767926454544, 0.22406286001205444, 0.23284894227981567, 0.2416350245475769, 0.25042110681533813, 0.259207159280777, 0.2679932415485382, 0.27677932381629944]}, "parameters/model.lstm.bias_hh_l0": {"_type": "histogram", "values": [1.0, 1.0, 1.0, 0.0, 1.0, 0.0, 0.0, 1.0, 2.0, 2.0, 0.0, 1.0, 0.0, 1.0, 2.0, 0.0, 1.0, 0.0, 2.0, 0.0, 0.0, 0.0, 1.0, 0.0, 1.0, 3.0, 1.0, 1.0, 1.0, 0.0, 1.0, 1.0, 0.0, 2.0, 2.0, 1.0, 1.0, 1.0, 0.0, 1.0, 1.0, 1.0, 0.0, 1.0, 1.0, 1.0, 0.0, 0.0, 0.0, 0.0, 1.0, 0.0, 1.0, 0.0, 1.0, 0.0, 0.0, 0.0, 1.0, 2.0, 1.0, 1.0, 0.0, 1.0], "bins": [-0.283904105424881, -0.27497008442878723, -0.2660360634326935, -0.25710201263427734, -0.2481679916381836, -0.23923397064208984, -0.2302999496459961, -0.22136592864990234, -0.2124318927526474, -0.20349787175655365, -0.1945638358592987, -0.18562981486320496, -0.1766957938671112, -0.16776175796985626, -0.1588277369737625, -0.14989370107650757, -0.14095968008041382, -0.13202565908432007, -0.12309162318706512, -0.11415760219097137, -0.10522357374429703, -0.09628954529762268, -0.08735552430152893, -0.07842149585485458, -0.06948746740818024, -0.06055343896150589, -0.05161941424012184, -0.04268538951873779, -0.033751361072063446, -0.0248173326253891, -0.01588330790400505, -0.006949283182621002, 0.0019847452640533447, 0.010918771848082542, 0.01985279843211174, 0.028786825016140938, 0.037720851600170135, 0.04665488004684448, 0.05558890476822853, 0.06452292948961258, 0.07345695793628693, 0.08239098638296127, 0.09132501482963562, 0.10025903582572937, 0.10919306427240372, 0.11812709271907806, 0.12706111371517181, 0.13599514961242676, 0.1449291706085205, 0.15386319160461426, 0.1627972275018692, 0.17173124849796295, 0.1806652843952179, 0.18959930539131165, 0.1985333263874054, 0.20746734738349915, 0.2164013832807541, 0.22533540427684784, 0.23426944017410278, 0.24320346117019653, 0.2521374821662903, 0.26107150316238403, 0.27000555396080017, 0.2789395749568939, 0.28787359595298767]}, "parameters/model.fc.weight": {"_type": "histogram", "values": [1.0, 0.0, 1.0, 1.0, 0.0, 0.0, 0.0, 0.0, 0.0, 0.0, 0.0, 0.0, 0.0, 0.0, 0.0, 0.0, 1.0, 0.0, 0.0, 0.0, 0.0, 0.0, 0.0, 0.0, 0.0, 0.0, 2.0, 0.0, 1.0, 0.0, 0.0, 0.0, 0.0, 0.0, 0.0, 0.0, 0.0, 0.0, 0.0, 0.0, 0.0, 1.0, 0.0, 0.0, 0.0, 0.0, 0.0, 0.0, 0.0, 0.0, 0.0, 0.0, 0.0, 0.0, 0.0, 0.0, 0.0, 0.0, 2.0, 0.0, 0.0, 1.0, 0.0, 1.0],