{"parameters/model.lstm.weight_ih_l0": {"_type": "histogram", "values": [4.0, 4.0, 6.0, 6.0, 3.0, 8.0, 7.0, 7.0, 9.0, 12.0, 7.0, 5.0, 3.0, 6.0, 7.0, 6.0, 4.0, 4.0, 5.0, 6.0, 5.0, 12.0, 3.0, 6.0, 3.0, 7.0, 6.0, 10.0, 6.0, 3.0, 5.0, 4.0, 9.0, 8.0, 3.0, 7.0, 7.0, 5.0, 8.0, 4.0, 3.0, 8.0, 10.0, 4.0, 8.0, 7.0, 10.0, 9.0, 3.0, 7.0, 6.0, 4.0, 3.0, 7.0, 6.0, 3.0, 5.0, 4.0, 8.0, 8.0, 3.0, 5.0, 8.0, 5.0], "bins": [-0.2909160554409027, -0.28181692957878113, -0.27271783351898193, -0.26361870765686035, -0.25451958179473877, -0.2454204559326172, -0.2363213449716568, -0.2272222340106964, -0.21812310814857483, -0.20902398228645325, -0.19992487132549286, -0.19082576036453247, -0.1817266345024109, -0.1726275086402893, -0.16352839767932892, -0.15442928671836853, -0.14533016085624695, -0.13623103499412537, -0.12713192403316498, -0.11803280562162399, -0.10893368721008301, -0.09983456879854202, -0.09073545038700104, -0.08163633197546005, -0.07253721356391907, -0.06343809515237808, -0.0543389767408371, -0.04523985832929611, -0.03614073991775513, -0.027041621506214142, -0.017942503094673157, -0.008843384683132172, 0.0002557039260864258, 0.009354822337627411, 0.018453940749168396, 0.02755305916070938, 0.036652177572250366, 0.04575129598379135, 0.054850414395332336, 0.06394953280687332, 0.0730486512184143, 0.08214776962995529, 0.09124688804149628, 0.10034600645303726, 0.10944512486457825, 0.11854424327611923, 0.12764336168766022, 0.1367424726486206, 0.1458415985107422, 0.15494072437286377, 0.16403983533382416, 0.17313894629478455, 0.18223807215690613, 0.1913371980190277, 0.2004363089799881, 0.2095354199409485, 0.21863454580307007, 0.22773367166519165, 0.23683278262615204, 0.24593189358711243, 0.255031019449234, 0.2641301453113556, 0.2732292413711548, 0.28232836723327637, 0.29142749309539795]}, "parameters/model.lstm.weight_hh_l0": {"_type": "histogram", "values": [8.0, 6.0, 10.0, 7.0, 9.0, 9.0, 3.0, 7.0, 9.0, 8.0, 9.0, 10.0, 14.0, 6.0, 8.0, 12.0, 9.0, 12.0, 7.0, 11.0, 15.0, 4.0, 7.0, 6.0, 11.0, 13.0, 9.0, 9.0, 13.0, 8.0, 12.0, 10.0, 9.0, 10.0, 4.0, 10.0, 8.0, 9.0, 7.0, 9.0, 7.0, 8.0, 9.0, 6.0, 11.0, 8.0, 10.0, 7.0, 8.0, 15.0, 10.0, 12.0, 10.0, 4.0, 4.0, 11.0, 10.0, 8.0, 4.0, 13.0, 10.0, 12.0, 14.0, 8.0], "bins": [-0.2919236123561859, -0.28282761573791504, -0.27373164892196655, -0.26463568210601807, -0.2555396854877472, -0.2464437037706375, -0.23734772205352783, -0.22825174033641815, -0.21915575861930847, -0.2100597769021988, -0.2009637951850891, -0.19186781346797943, -0.18277183175086975, -0.17367585003376007, -0.1645798683166504, -0.1554838865995407, -0.14638790488243103, -0.13729192316532135, -0.12819594144821167, -0.11909995973110199, -0.11000397801399231, -0.10090799629688263, -0.09181201457977295, -0.08271603286266327, -0.07362005114555359, -0.06452406942844391, -0.05542808771133423, -0.04633210599422455, -0.03723612427711487, -0.028140142560005188, -0.019044160842895508, -0.009948179125785828, -0.0008521974086761475, 0.008243784308433533, 0.017339766025543213, 0.026435747742652893, 0.03553172945976257, 0.04462771117687225, 0.053723692893981934, 0.06281967461109161, 0.0719156563282013, 0.08101163804531097, 0.09010761976242065, 0.09920360147953033, 0.10829958319664001, 0.1173955649137497, 0.12649154663085938, 0.13558752834796906, 0.14468351006507874, 0.15377949178218842, 0.1628754734992981, 0.17197145521640778, 0.18106743693351746, 0.19016341865062714, 0.19925940036773682, 0.2083553820848465, 0.21745136380195618, 0.22654734551906586, 0.23564332723617554, 0.24473930895328522, 0.2538352906703949, 0.26293128728866577, 0.27202725410461426, 0.28112322092056274, 0.2902192175388336]}, "parameters/model.lstm.bias_ih_l0": {"_type": "histogram", "values": [1.0, 0.0, 1.0, 1.0, 2.0, 1.0, 1.0, 3.0, 0.0, 1.0, 0.0, 0.0, 0.0, 0.0, 0.0, 1.0, 0.0, 1.0, 2.0, 0.0, 1.0, 0.0, 1.0, 2.0, 2.0, 1.0, 0.0, 1.0, 1.0, 0.0, 1.0, 0.0, 0.0, 2.0, 0.0, 2.0, 0.0, 0.0, 0.0, 0.0, 0.0, 0.0, 2.0, 1.0, 1.0, 1.0, 0.0, 1.0, 0.0, 2.0, 0.0, 0.0, 2.0, 4.0, 0.0, 1.0, 0.0, 0.0, 1.0, 0.0, 0.0, 0.0, 0.0, 3.0], "bins": [-0.29067954421043396, -0.28198477625846863, -0.2732900083065033, -0.26459524035453796, -0.25590047240257263, -0.2472057044506073, -0.23851095139980316, -0.22981618344783783, -0.2211214154958725, -0.21242664754390717, -0.20373187959194183, -0.1950371116399765, -0.18634235858917236, -0.17764759063720703, -0.1689528226852417, -0.16025805473327637, -0.15156328678131104, -0.1428685188293457, -0.13417375087738037, -0.12547898292541504, -0.1167842224240303, -0.10808945447206497, -0.09939469397068024, -0.0906999260187149, -0.08200515806674957, -0.07331039011478424, -0.06461562216281891, -0.055920861661434174, -0.04722609370946884, -0.03853132575750351, -0.029836561530828476, -0.021141797304153442, -0.01244702935218811, -0.0037522632628679276, 0.004942502826452255, 0.013637268915772438, 0.02233203500509262, 0.031026802957057953, 0.039721567183732986, 0.04841633141040802, 0.05711109936237335, 0.06580586731433868, 0.07450063526630402, 0.08319539576768875, 0.09189016371965408, 0.10058493167161942, 0.10927969217300415, 0.11797446012496948, 0.12666922807693481, 0.13536399602890015, 0.14405876398086548, 0.1527535319328308, 0.16144829988479614, 0.17014306783676147, 0.1788378208875656, 0.18753258883953094, 0.19622735679149628, 0.2049221247434616, 0.21361689269542694, 0.22231166064739227, 0.2310064136981964, 0.23970118165016174, 0.24839594960212708, 0.2570907175540924, 0.26578548550605774]}, "parameters/model.lstm.bias_hh_l0": {"_type": "histogram", "values": [1.0, 2.0, 0.0, 1.0, 2.0, 0.0, 0.0, 2.0, 1.0, 0.0, 1.0, 2.0, 2.0, 2.0, 0.0, 1.0, 2.0, 0.0, 1.0, 0.0, 2.0, 0.0, 0.0, 1.0, 1.0, 2.0, 2.0, 1.0, 0.0, 0.0, 1.0, 0.0, 1.0, 1.0, 0.0, 1.0, 0.0, 0.0, 0.0, 0.0, 1.0, 0.0, 1.0, 0.0, 2.0, 0.0, 1.0, 0.0, 1.0, 1.0, 0.0, 0.0, 1.0, 2.0, 0.0, 0.0, 0.0, 0.0, 1.0, 0.0, 1.0, 1.0, 1.0, 1.0], "bins": [-0.2882711887359619, -0.27978914976119995, -0.271307110786438, -0.262825071811676, -0.25434303283691406, -0.2458610087633133, -0.23737896978855133, -0.22889693081378937, -0.2204149067401886, -0.21193286776542664, -0.20345082879066467, -0.1949687898159027, -0.18648676574230194, -0.17800472676753998, -0.16952268779277802, -0.16104064881801605, -0.1525586098432541, -0.14407657086849213, -0.13559453189373016, -0.1271125078201294, -0.11863046884536743, -0.11014842987060547, -0.1016663908958435, -0.09318435192108154, -0.08470231294631958, -0.07622027397155762, -0.06773824244737625, -0.05925620347261429, -0.050774168223142624, -0.04229213297367096, -0.033810093998909, -0.025328058749437332, -0.016846030950546265, -0.008363994769752026, 0.00011804141104221344, 0.008600078523159027, 0.01708211377263069, 0.025564149022102356, 0.03404618799686432, 0.04252822324633598, 0.05101025104522705, 0.059492286294698715, 0.06797432154417038, 0.07645636051893234, 0.08493839204311371, 0.09342043101787567, 0.10190246999263763, 0.1103845089673996, 0.11886654794216156, 0.12734858691692352, 0.13583062589168549, 0.14431264996528625, 0.15279468894004822, 0.16127672791481018, 0.16975876688957214, 0.1782408058643341, 0.18672284483909607, 0.19520488381385803, 0.20368692278862, 0.21216896176338196, 0.22065098583698273, 0.2291330248117447, 0.23761506378650665, 0.24609710276126862, 0.2545791268348694]}, "parameters/model.fc.weight": {"_type": "histogram", "values": [1.0, 0.0, 0.0, 1.0, 0.0, 0.0, 0.0, 0.0, 0.0, 0.0, 0.0, 0.0, 0.0, 0.0, 0.0, 0.0, 0.0, 0.0, 0.0, 0.0, 0.0, 0.0, 0.0, 0.0, 0.0, 0.0, 1.0, 0.0, 1.0, 0.0, 1.0, 0.0, 0.0, 0.0, 0.0, 0.0, 0.0, 0.0, 0.0, 0.0, 0.0, 0.0, 0.0, 1.0, 0.0, 0.0, 0.0, 0.0, 0.0, 0.0, 0.0, 0.0, 1.0, 0.0, 0.0, 0.0, 1.0, 0.0, 0.0, 2.0, 0.0, 1.0, 0.0, 1.0],