{"parameters/model.lstm.weight_ih_l0": {"_type": "histogram", "values": [4.0, 3.0, 5.0, 3.0, 5.0, 5.0, 8.0, 5.0, 1.0, 6.0, 5.0, 3.0, 3.0, 3.0, 6.0, 5.0, 1.0, 4.0, 6.0, 6.0, 4.0, 4.0, 10.0, 7.0, 4.0, 5.0, 4.0, 7.0, 7.0, 6.0, 7.0, 4.0, 10.0, 5.0, 8.0, 7.0, 4.0, 8.0, 4.0, 7.0, 5.0, 8.0, 8.0, 7.0, 5.0, 14.0, 5.0, 7.0, 6.0, 13.0, 3.0, 8.0, 5.0, 5.0, 9.0, 16.0, 7.0, 10.0, 6.0, 5.0, 5.0, 8.0, 2.0, 8.0], "bins": [-0.307932585477829, -0.2982652187347412, -0.28859788179397583, -0.27893051505088806, -0.2692631483078003, -0.2595957815647125, -0.24992844462394714, -0.24026107788085938, -0.2305937111377716, -0.22092635929584503, -0.21125899255275726, -0.2015916407108307, -0.19192427396774292, -0.18225692212581635, -0.17258957028388977, -0.162922203540802, -0.15325485169887543, -0.14358749985694885, -0.13392013311386108, -0.12425278127193451, -0.11458541452884674, -0.10491806268692017, -0.095250703394413, -0.08558334410190582, -0.07591599225997925, -0.06624863296747208, -0.056581273674964905, -0.04691391810774803, -0.03724655881524086, -0.02757919952273369, -0.017911843955516815, -0.008244484663009644, 0.001422882080078125, 0.011090240441262722, 0.02075759880244732, 0.03042495623230934, 0.04009231552481651, 0.049759674817323685, 0.05942703038454056, 0.06909438967704773, 0.0787617564201355, 0.08842911571264267, 0.09809647500514984, 0.10776382684707642, 0.11743119359016418, 0.12709854543209076, 0.13676589727401733, 0.1464332640171051, 0.15610061585903168, 0.16576796770095825, 0.17543533444404602, 0.1851026862859726, 0.19477005302906036, 0.20443740487098694, 0.2141047716140747, 0.22377212345600128, 0.23343947529792786, 0.24310682713985443, 0.252774178981781, 0.2624415457248688, 0.27210891246795654, 0.2817762792110443, 0.2914436161518097, 0.30111098289489746, 0.31077834963798523]}, "parameters/model.lstm.weight_hh_l0": {"_type": "histogram", "values": [4.0, 5.0, 6.0, 2.0, 4.0, 4.0, 12.0, 12.0, 9.0, 8.0, 15.0, 4.0, 11.0, 15.0, 10.0, 12.0, 11.0, 8.0, 12.0, 9.0, 9.0, 15.0, 14.0, 11.0, 8.0, 10.0, 12.0, 9.0, 8.0, 7.0, 5.0, 8.0, 11.0, 9.0, 14.0, 8.0, 5.0, 4.0, 12.0, 11.0, 7.0, 13.0, 10.0, 7.0, 13.0, 10.0, 11.0, 10.0, 11.0, 10.0, 10.0, 6.0, 18.0, 10.0, 12.0, 8.0, 14.0, 6.0, 8.0, 6.0, 4.0, 2.0, 3.0, 4.0], "bins": [-0.3119991421699524, -0.30227261781692505, -0.2925460934638977, -0.28281956911087036, -0.2730930745601654, -0.26336655020713806, -0.2536400258541107, -0.24391350150108337, -0.23418697714805603, -0.2244604527950287, -0.21473394334316254, -0.2050074189901352, -0.19528089463710785, -0.1855543851852417, -0.17582786083221436, -0.166101336479187, -0.15637482702732086, -0.14664830267429352, -0.13692179322242737, -0.12719526886940002, -0.11746874451637268, -0.10774222761392593, -0.09801571071147919, -0.08828918635845184, -0.0785626769065857, -0.06883616000413895, -0.0591096356511116, -0.049383118748664856, -0.03965659812092781, -0.029930077493190765, -0.02020356059074402, -0.010477036237716675, -0.0007505118846893311, 0.00897600781172514, 0.01870252750813961, 0.028429046273231506, 0.03815556690096855, 0.0478820875287056, 0.057608604431152344, 0.06733512878417969, 0.07706165313720703, 0.08678817003965378, 0.09651469439268112, 0.10624121129512787, 0.11596773564815521, 0.12569424510002136, 0.1354207694530487, 0.14514729380607605, 0.1548738032579422, 0.16460032761096954, 0.1743268370628357, 0.18405336141586304, 0.19377988576889038, 0.20350641012191772, 0.21323291957378387, 0.22295944392681122, 0.23268595337867737, 0.2424124777317047, 0.25213900208473206, 0.261865496635437, 0.27159202098846436, 0.2813185453414917, 0.29104506969451904, 0.3007715940475464, 0.31049811840057373]}, "parameters/model.lstm.bias_ih_l0": {"_type": "histogram", "values": [2.0, 0.0, 1.0, 1.0, 0.0, 2.0, 0.0, 1.0, 1.0, 0.0, 1.0, 0.0, 1.0, 0.0, 1.0, 0.0, 1.0, 2.0, 2.0, 0.0, 0.0, 0.0, 0.0, 1.0, 0.0, 0.0, 0.0, 3.0, 1.0, 0.0, 1.0, 1.0, 0.0, 0.0, 0.0, 2.0, 1.0, 1.0, 1.0, 0.0, 1.0, 1.0, 1.0, 2.0, 1.0, 1.0, 0.0, 3.0, 2.0, 0.0, 1.0, 0.0, 0.0, 1.0, 1.0, 1.0, 2.0, 0.0, 1.0, 0.0, 0.0, 0.0, 0.0, 1.0], "bins": [-0.2523711025714874, -0.24374587833881378, -0.23512065410614014, -0.2264954298734665, -0.21787020564079285, -0.2092449963092804, -0.20061977207660675, -0.1919945478439331, -0.18336932361125946, -0.17474409937858582, -0.16611887514591217, -0.15749365091323853, -0.14886844158172607, -0.14024320244789124, -0.13161799311637878, -0.12299276888370514, -0.1143675446510315, -0.10574232041835785, -0.0971170961856842, -0.08849187940359116, -0.07986665517091751, -0.07124143093824387, -0.06261621415615082, -0.05399098992347717, -0.04536576569080353, -0.03674054145812988, -0.028115320950746536, -0.01949009858071804, -0.010864876210689545, -0.0022396519780158997, 0.006385568529367447, 0.015010789036750793, 0.02363598346710205, 0.032261207699775696, 0.04088642820715904, 0.04951164871454239, 0.058136872947216034, 0.06676209717988968, 0.07538731396198273, 0.08401253819465637, 0.09263776242733002, 0.10126298666000366, 0.10988821089267731, 0.11851342767477036, 0.1271386444568634, 0.13576388359069824, 0.1443890929222107, 0.15301431715488434, 0.16163954138755798, 0.17026476562023163, 0.17888998985290527, 0.18751521408557892, 0.19614043831825256, 0.20476564764976501, 0.21339087188243866, 0.2220160961151123, 0.23064132034778595, 0.2392665445804596, 0.24789176881313324, 0.2565169930458069, 0.26514220237731934, 0.2737674415111542, 0.2823926508426666, 0.29101788997650146, 0.2996430993080139]}, "parameters/model.lstm.bias_hh_l0": {"_type": "histogram", "values": [1.0, 2.0, 1.0, 0.0, 1.0, 0.0, 1.0, 0.0, 1.0, 1.0, 2.0, 2.0, 1.0, 0.0, 0.0, 1.0, 0.0, 0.0, 0.0, 1.0, 0.0, 2.0, 2.0, 1.0, 0.0, 1.0, 2.0, 0.0, 0.0, 0.0, 1.0, 2.0, 0.0, 0.0, 1.0, 1.0, 0.0, 0.0, 0.0, 3.0, 1.0, 0.0, 1.0, 2.0, 0.0, 0.0, 1.0, 0.0, 1.0, 2.0, 1.0, 1.0, 0.0, 0.0, 1.0, 1.0, 0.0, 1.0, 0.0, 2.0, 0.0, 1.0, 0.0, 1.0], "bins": [-0.30238237977027893, -0.2928740084171295, -0.2833656072616577, -0.2738572359085083, -0.2643488645553589, -0.2548404633998871, -0.24533209204673767, -0.23582370579242706, -0.22631531953811646, -0.21680693328380585, -0.20729854702949524, -0.19779017567634583, -0.18828178942203522, -0.1787734031677246, -0.1692650318145752, -0.1597566455602646, -0.15024825930595398, -0.14073987305164337, -0.13123148679733276, -0.12172311544418335, -0.11221472918987274, -0.10270634293556213, -0.09319796413183212, -0.08368958532810211, -0.0741811990737915, -0.0646728128194809, -0.055164434015750885, -0.045656051486730576, -0.036147668957710266, -0.026639286428689957, -0.017130903899669647, -0.007622525095939636, 0.0018858611583709717, 0.011394243687391281, 0.02090262621641159, 0.0304110087454319, 0.03991939127445221, 0.04942777380347252, 0.05893615633249283, 0.06844453513622284, 0.07795292139053345, 0.08746130764484406, 0.09696968644857407, 0.10647806525230408, 0.11598645150661469, 0.1254948377609253, 0.1350032091140747, 0.14451159536838531, 0.15401998162269592, 0.16352836787700653, 0.17303675413131714, 0.18254512548446655, 0.19205351173877716, 0.20156189799308777, 0.21107026934623718, 0.2205786556005478, 0.2300870418548584, 0.239595428109169, 0.24910381436347961, 0.25861218571662903, 0.26812058687210083, 0.27762895822525024, 0.28713732957839966, 0.2966457009315491, 0.3061541020870209]}, "parameters/model.fc.weight": {"_type": "histogram", "values": [1.0, 0.0, 0.0, 0.0, 0.0, 0.0, 0.0, 0.0, 0.0, 0.0, 0.0, 0.0, 0.0, 0.0, 1.0, 0.0, 0.0, 0.0, 0.0, 0.0, 0.0, 1.0, 0.0, 0.0, 0.0, 0.0, 0.0, 0.0, 0.0, 0.0, 0.0, 0.0, 1.0, 0.0, 0.0, 0.0, 1.0, 2.0, 0.0, 0.0, 1.0, 0.0, 0.0, 1.0, 0.0, 0.0, 0.0, 0.0, 0.0, 1.0, 0.0, 0.0, 0.0, 0.0, 0.0, 1.0, 0.0, 0.0, 0.0, 0.0, 0.0, 0.0, 0.0, 1.0],