{"parameters/model.lstm.weight_ih_l0": {"_type": "histogram", "values": [5.0, 5.0, 3.0, 6.0, 4.0, 4.0, 6.0, 10.0, 12.0, 7.0, 9.0, 6.0, 4.0, 7.0, 7.0, 8.0, 2.0, 6.0, 6.0, 6.0, 8.0, 5.0, 6.0, 8.0, 6.0, 6.0, 6.0, 7.0, 2.0, 8.0, 7.0, 7.0, 9.0, 1.0, 6.0, 5.0, 6.0, 3.0, 5.0, 8.0, 5.0, 9.0, 11.0, 8.0, 8.0, 8.0, 4.0, 4.0, 8.0, 5.0, 5.0, 4.0, 9.0, 2.0, 5.0, 11.0, 7.0, 5.0, 5.0, 7.0, 4.0, 3.0, 3.0, 2.0], "bins": [-0.2878153920173645, -0.2787840664386749, -0.26975274085998535, -0.2607214152812958, -0.2516900897026062, -0.24265877902507782, -0.23362746834754944, -0.22459614276885986, -0.2155648171901703, -0.2065334916114807, -0.19750216603279114, -0.18847085535526276, -0.17943952977657318, -0.1704082041978836, -0.16137689352035522, -0.15234556794166565, -0.14331424236297607, -0.1342829167842865, -0.12525159120559692, -0.11622028052806854, -0.10718895494937897, -0.09815762937068939, -0.08912631124258041, -0.08009499311447144, -0.07106366753578186, -0.062032345682382584, -0.05300102382898331, -0.04396970197558403, -0.03493838012218475, -0.025907058268785477, -0.0168757364153862, -0.007844418287277222, 0.0011869370937347412, 0.010218258947134018, 0.019249580800533295, 0.02828090265393257, 0.03731222450733185, 0.046343546360731125, 0.0553748682141304, 0.06440618634223938, 0.07343751192092896, 0.08246883749961853, 0.09150015562772751, 0.10053147375583649, 0.10956279933452606, 0.11859412491321564, 0.12762543559074402, 0.1366567611694336, 0.14568808674812317, 0.15471941232681274, 0.16375073790550232, 0.1727820485830307, 0.18181337416172028, 0.19084469974040985, 0.19987601041793823, 0.2089073359966278, 0.21793866157531738, 0.22696998715400696, 0.23600131273269653, 0.24503262341022491, 0.2540639638900757, 0.26309525966644287, 0.27212658524513245, 0.281157910823822, 0.2901892364025116]}, "parameters/model.lstm.weight_hh_l0": {"_type": "histogram", "values": [5.0, 8.0, 7.0, 3.0, 4.0, 12.0, 6.0, 13.0, 8.0, 12.0, 12.0, 6.0, 3.0, 9.0, 11.0, 12.0, 12.0, 14.0, 13.0, 7.0, 12.0, 3.0, 8.0, 12.0, 11.0, 4.0, 6.0, 9.0, 10.0, 12.0, 8.0, 8.0, 6.0, 9.0, 11.0, 10.0, 8.0, 10.0, 9.0, 8.0, 12.0, 10.0, 15.0, 12.0, 10.0, 13.0, 9.0, 12.0, 6.0, 8.0, 10.0, 4.0, 7.0, 11.0, 7.0, 7.0, 11.0, 6.0, 8.0, 11.0, 9.0, 10.0, 12.0, 5.0], "bins": [-0.29078516364097595, -0.2816815972328186, -0.27257803082466125, -0.2634744644165039, -0.25437089800834656, -0.2452673465013504, -0.23616378009319305, -0.2270602285861969, -0.21795666217803955, -0.2088530957698822, -0.19974952936172485, -0.1906459629535675, -0.18154241144657135, -0.172438845038414, -0.16333527863025665, -0.1542317271232605, -0.14512814581394196, -0.1360245794057846, -0.12692101299762726, -0.1178174540400505, -0.10871389508247375, -0.0996103286743164, -0.09050676226615906, -0.0814032033085823, -0.07229962944984436, -0.06319606304168701, -0.05409250408411026, -0.04498893767595291, -0.03588537499308586, -0.02678181231021881, -0.017678245902061462, -0.00857468694448471, 0.000528872013092041, 0.009632435627281666, 0.01873599924147129, 0.02783956378698349, 0.03694312646985054, 0.04604668915271759, 0.05515025556087494, 0.06425381451845169, 0.07335737347602844, 0.08246093988418579, 0.09156449884176254, 0.10066806524991989, 0.10977162420749664, 0.11887519061565399, 0.12797875702381134, 0.1370823085308075, 0.14618588984012604, 0.1552894562482834, 0.16439302265644073, 0.1734965741634369, 0.18260014057159424, 0.1917037069797516, 0.20080727338790894, 0.20991083979606628, 0.21901440620422363, 0.22811797261238098, 0.23722153902053833, 0.24632510542869568, 0.255428671836853, 0.264532208442688, 0.2736358046531677, 0.2827393412590027, 0.29184290766716003]}, "parameters/model.lstm.bias_ih_l0": {"_type": "histogram", "values": [3.0, 0.0, 0.0, 1.0, 0.0, 1.0, 2.0, 1.0, 0.0, 1.0, 1.0, 1.0, 0.0, 1.0, 1.0, 1.0, 0.0, 0.0, 0.0, 3.0, 0.0, 0.0, 2.0, 1.0, 0.0, 1.0, 0.0, 3.0, 1.0, 1.0, 2.0, 1.0, 1.0, 0.0, 1.0, 0.0, 1.0, 1.0, 0.0, 0.0, 0.0, 0.0, 0.0, 0.0, 0.0, 1.0, 2.0, 0.0, 1.0, 0.0, 1.0, 1.0, 0.0, 1.0, 1.0, 0.0, 1.0, 2.0, 0.0, 3.0, 0.0, 0.0, 0.0, 1.0], "bins": [-0.2819334864616394, -0.2730843722820282, -0.264235258102417, -0.2553861737251282, -0.24653705954551697, -0.23768794536590576, -0.22883883118629456, -0.21998971700668335, -0.21114061772823334, -0.20229150354862213, -0.19344240427017212, -0.1845932900905609, -0.1757441759109497, -0.1668950766324997, -0.1580459624528885, -0.14919686317443848, -0.14034774899482727, -0.13149863481521606, -0.12264953553676605, -0.11380042135715485, -0.10495131462812424, -0.09610220789909363, -0.08725309371948242, -0.07840398699045181, -0.0695548802614212, -0.060705773532390594, -0.05185666307806969, -0.04300755262374878, -0.03415844589471817, -0.02530933916568756, -0.016460228711366653, -0.007611118257045746, 0.0012379586696624756, 0.010087067261338234, 0.018936175853013992, 0.02778528444468975, 0.03663439303636551, 0.04548349976539612, 0.054332610219717026, 0.06318172067403793, 0.07203082740306854, 0.08087993413209915, 0.08972904086112976, 0.09857815504074097, 0.10742726176977158, 0.11627636849880219, 0.1251254826784134, 0.1339745819568634, 0.1428236961364746, 0.15167281031608582, 0.16052190959453583, 0.16937102377414703, 0.17822012305259705, 0.18706923723220825, 0.19591835141181946, 0.20476746559143066, 0.21361656486988068, 0.22246567904949188, 0.2313147783279419, 0.2401638925075531, 0.2490130066871643, 0.2578620910644531, 0.26671120524406433, 0.27556031942367554, 0.28440943360328674]}, "parameters/model.lstm.bias_hh_l0": {"_type": "histogram", "values": [1.0, 0.0, 0.0, 0.0, 3.0, 1.0, 0.0, 0.0, 0.0, 1.0, 1.0, 2.0, 1.0, 1.0, 1.0, 0.0, 1.0, 0.0, 0.0, 0.0, 0.0, 0.0, 0.0, 0.0, 0.0, 1.0, 1.0, 2.0, 2.0, 0.0, 1.0, 1.0, 1.0, 1.0, 0.0, 2.0, 1.0, 2.0, 0.0, 1.0, 1.0, 1.0, 0.0, 1.0, 1.0, 0.0, 1.0, 0.0, 1.0, 1.0, 3.0, 0.0, 1.0, 0.0, 0.0, 2.0, 0.0, 1.0, 0.0, 2.0, 0.0, 0.0, 1.0, 2.0], "bins": [-0.2598221004009247, -0.25166815519332886, -0.24351419508457184, -0.23536023497581482, -0.227206289768219, -0.21905234456062317, -0.21089838445186615, -0.20274442434310913, -0.1945904791355133, -0.18643653392791748, -0.17828257381916046, -0.17012861371040344, -0.16197466850280762, -0.1538207232952118, -0.14566676318645477, -0.13751280307769775, -0.12935885787010193, -0.1212049052119255, -0.11305095255374908, -0.10489699989557266, -0.09674304723739624, -0.08858909457921982, -0.0804351419210434, -0.07228118926286697, -0.06412723660469055, -0.05597328394651413, -0.04781933128833771, -0.039665378630161285, -0.03151142597198486, -0.02335747331380844, -0.015203520655632019, -0.007049567997455597, 0.0011043548583984375, 0.00925830751657486, 0.017412260174751282, 0.025566212832927704, 0.033720165491104126, 0.04187411814928055, 0.05002807080745697, 0.05818202346563339, 0.06633597612380981, 0.07448992878198624, 0.08264388144016266, 0.09079783409833908, 0.0989517867565155, 0.10710573941469193, 0.11525969207286835, 0.12341364473104477, 0.1315675973892212, 0.13972154259681702, 0.14787550270557404, 0.15602946281433105, 0.16418340802192688, 0.1723373532295227, 0.18049131333827972, 0.18864527344703674, 0.19679921865463257, 0.2049531638622284, 0.2131071239709854, 0.22126108407974243, 0.22941502928733826, 0.23756897449493408, 0.2457229346036911, 0.2538768947124481, 0.26203083992004395]}, "parameters/model.fc.weight": {"_type": "histogram", "values": [1.0, 0.0, 0.0, 0.0, 0.0, 0.0, 0.0, 2.0, 0.0, 0.0, 0.0, 0.0, 0.0, 0.0, 0.0, 0.0, 0.0, 0.0, 0.0, 0.0, 0.0, 0.0, 0.0, 0.0, 1.0, 0.0, 0.0, 0.0, 2.0, 1.0, 0.0, 0.0, 0.0, 0.0, 0.0, 0.0, 0.0, 0.0, 0.0, 0.0, 2.0, 0.0, 0.0, 0.0, 0.0, 0.0, 0.0, 0.0, 0.0, 0.0, 0.0, 0.0, 0.0, 0.0, 1.0, 0.0, 0.0, 0.0, 1.0, 0.0, 0.0, 0.0, 0.0, 1.0],