{"parameters/model.lstm.weight_ih_l0": {"_type": "histogram", "values": [4.0, 3.0, 3.0, 5.0, 6.0, 6.0, 6.0, 4.0, 6.0, 6.0, 7.0, 7.0, 7.0, 5.0, 4.0, 4.0, 8.0, 5.0, 8.0, 3.0, 3.0, 8.0, 6.0, 9.0, 9.0, 5.0, 10.0, 5.0, 7.0, 6.0, 9.0, 5.0, 8.0, 12.0, 1.0, 7.0, 4.0, 3.0, 8.0, 4.0, 8.0, 4.0, 11.0, 3.0, 8.0, 3.0, 9.0, 2.0, 5.0, 6.0, 8.0, 11.0, 3.0, 8.0, 6.0, 9.0, 7.0, 6.0, 8.0, 7.0, 7.0, 0.0, 4.0, 5.0], "bins": [-0.30441585183143616, -0.29488590359687805, -0.28535595536231995, -0.27582600712776184, -0.26629605889320374, -0.25676611065864563, -0.24723616242408752, -0.23770621418952942, -0.2281762659549713, -0.2186463177204132, -0.2091163694858551, -0.199586421251297, -0.1900564730167389, -0.1805265247821808, -0.17099657654762268, -0.16146662831306458, -0.15193668007850647, -0.14240673184394836, -0.13287678360939026, -0.12334683537483215, -0.11381688714027405, -0.10428693890571594, -0.09475699067115784, -0.08522704243659973, -0.07569709420204163, -0.06616714596748352, -0.056637197732925415, -0.04710724949836731, -0.037577301263809204, -0.0280473530292511, -0.018517404794692993, -0.008987456560134888, 0.0005424916744232178, 0.010072439908981323, 0.01960238814353943, 0.029132336378097534, 0.03866228461265564, 0.048192232847213745, 0.05772218108177185, 0.06725212931632996, 0.07678207755088806, 0.08631202578544617, 0.09584197402000427, 0.10537192225456238, 0.11490187048912048, 0.12443181872367859, 0.1339617669582367, 0.1434917151927948, 0.1530216634273529, 0.162551611661911, 0.17208155989646912, 0.18161150813102722, 0.19114145636558533, 0.20067140460014343, 0.21020135283470154, 0.21973130106925964, 0.22926124930381775, 0.23879119753837585, 0.24832114577293396, 0.25785109400749207, 0.26738104224205017, 0.2769109904766083, 0.2864409387111664, 0.2959708869457245, 0.3055008351802826]}, "parameters/model.lstm.weight_hh_l0": {"_type": "histogram", "values": [4.0, 6.0, 8.0, 5.0, 10.0, 9.0, 8.0, 9.0, 7.0, 13.0, 7.0, 13.0, 13.0, 11.0, 5.0, 9.0, 7.0, 8.0, 8.0, 9.0, 7.0, 10.0, 11.0, 10.0, 3.0, 15.0, 9.0, 7.0, 7.0, 5.0, 8.0, 7.0, 9.0, 12.0, 8.0, 18.0, 12.0, 8.0, 11.0, 9.0, 9.0, 9.0, 11.0, 11.0, 7.0, 14.0, 10.0, 14.0, 14.0, 8.0, 12.0, 11.0, 10.0, 8.0, 8.0, 13.0, 10.0, 11.0, 6.0, 9.0, 6.0, 3.0, 2.0, 5.0], "bins": [-0.30409231781959534, -0.2945338785648346, -0.28497543931007385, -0.2754170000553131, -0.26585853099823, -0.25630009174346924, -0.2467416524887085, -0.23718321323394775, -0.227624773979187, -0.21806633472442627, -0.20850789546966553, -0.1989494413137436, -0.18939100205898285, -0.1798325628042221, -0.17027410864830017, -0.16071566939353943, -0.1511572301387787, -0.14159879088401794, -0.1320403516292572, -0.12248189747333527, -0.11292345821857452, -0.10336501896381378, -0.09380657225847244, -0.0842481255531311, -0.07468968629837036, -0.06513124704360962, -0.05557280033826828, -0.04601435735821724, -0.0364559143781662, -0.026897471398115158, -0.017339028418064117, -0.007780581712722778, 0.0017778575420379639, 0.011336300522089005, 0.020894743502140045, 0.030453186482191086, 0.040011629462242126, 0.04957007244229317, 0.05912851542234421, 0.06868696212768555, 0.07824540138244629, 0.08780384063720703, 0.09736228734254837, 0.10692073404788971, 0.11647917330265045, 0.1260376125574112, 0.13559606671333313, 0.14515450596809387, 0.15471294522285461, 0.16427138447761536, 0.1738298237323761, 0.18338827788829803, 0.19294671714305878, 0.20250515639781952, 0.21206361055374146, 0.2216220498085022, 0.23118048906326294, 0.24073892831802368, 0.2502973675727844, 0.25985580682754517, 0.2694142460823059, 0.27897271513938904, 0.2885311543941498, 0.2980895936489105, 0.30764803290367126]}, "parameters/model.lstm.bias_ih_l0": {"_type": "histogram", "values": [2.0, 0.0, 0.0, 1.0, 0.0, 1.0, 1.0, 0.0, 0.0, 0.0, 0.0, 1.0, 0.0, 2.0, 2.0, 0.0, 0.0, 1.0, 0.0, 1.0, 0.0, 1.0, 0.0, 2.0, 0.0, 0.0, 1.0, 1.0, 1.0, 1.0, 1.0, 3.0, 1.0, 0.0, 0.0, 1.0, 1.0, 2.0, 2.0, 2.0, 1.0, 2.0, 1.0, 0.0, 0.0, 1.0, 1.0, 0.0, 0.0, 0.0, 1.0, 1.0, 0.0, 1.0, 1.0, 1.0, 0.0, 2.0, 0.0, 1.0, 1.0, 0.0, 0.0, 1.0], "bins": [-0.2869850993156433, -0.2776772975921631, -0.26836949586868286, -0.25906169414520264, -0.2497539073228836, -0.24044610559940338, -0.23113830387592316, -0.22183051705360413, -0.2125227153301239, -0.20321491360664368, -0.19390711188316345, -0.18459931015968323, -0.1752915233373642, -0.16598372161388397, -0.15667591989040375, -0.14736813306808472, -0.1380603164434433, -0.12875251471996307, -0.11944472044706345, -0.11013691872358322, -0.1008291244506836, -0.09152132272720337, -0.08221352100372314, -0.07290572673082352, -0.0635979175567627, -0.05429011955857277, -0.04498232156038284, -0.03567451983690262, -0.026366721838712692, -0.017058923840522766, -0.0077511221170425415, 0.0015566721558570862, 0.010864466428756714, 0.02017226442694664, 0.029480064287781715, 0.03878786414861679, 0.04809566214680672, 0.05740346014499664, 0.06671126186847687, 0.0760190561413765, 0.08532685041427612, 0.09463465213775635, 0.10394244641065598, 0.1132502481341362, 0.12255804240703583, 0.13186584413051605, 0.14117364585399628, 0.1504814326763153, 0.15978924930095673, 0.16909705102443695, 0.17840485274791718, 0.1877126395702362, 0.19702044129371643, 0.20632824301719666, 0.21563604474067688, 0.2249438464641571, 0.23425164818763733, 0.24355944991111755, 0.2528672516345978, 0.262175053358078, 0.2714828550815582, 0.28079062700271606, 0.2900984287261963, 0.2994062304496765, 0.30871403217315674]}, "parameters/model.lstm.bias_hh_l0": {"_type": "histogram", "values": [2.0, 0.0, 0.0, 2.0, 0.0, 0.0, 1.0, 0.0, 0.0, 0.0, 0.0, 0.0, 1.0, 2.0, 0.0, 0.0, 0.0, 0.0, 0.0, 0.0, 3.0, 1.0, 1.0, 1.0, 0.0, 3.0, 3.0, 2.0, 0.0, 2.0, 1.0, 3.0, 0.0, 5.0, 0.0, 0.0, 0.0, 1.0, 1.0, 1.0, 1.0, 1.0, 0.0, 0.0, 1.0, 0.0, 0.0, 0.0, 1.0, 1.0, 0.0, 1.0, 0.0, 1.0, 0.0, 1.0, 1.0, 0.0, 1.0, 1.0, 0.0, 0.0, 0.0, 1.0], "bins": [-0.3047489523887634, -0.29539793729782104, -0.28604695200920105, -0.27669596672058105, -0.26734495162963867, -0.2579939365386963, -0.2486429512500763, -0.2392919510602951, -0.22994095087051392, -0.22058995068073273, -0.21123895049095154, -0.20188795030117035, -0.19253695011138916, -0.18318594992160797, -0.17383494973182678, -0.1644839495420456, -0.1551329493522644, -0.14578194916248322, -0.13643094897270203, -0.12707994878292084, -0.11772894859313965, -0.10837794840335846, -0.09902694821357727, -0.08967594802379608, -0.08032494783401489, -0.0709739476442337, -0.061622947454452515, -0.052271947264671326, -0.04292094707489014, -0.03356994688510895, -0.02421894669532776, -0.01486794650554657, -0.0055169761180877686, 0.0038340240716934204, 0.01318502426147461, 0.0225360244512558, 0.03188702464103699, 0.041238024830818176, 0.050589025020599365, 0.059940025210380554, 0.06929102540016174, 0.07864202558994293, 0.08799302577972412, 0.09734402596950531, 0.1066950261592865, 0.11604602634906769, 0.12539702653884888, 0.13474802672863007, 0.14409902691841125, 0.15345002710819244, 0.16280102729797363, 0.17215202748775482, 0.181503027677536, 0.1908540278673172, 0.2002050280570984, 0.20955602824687958, 0.21890702843666077, 0.22825802862644196, 0.23760902881622314, 0.24696002900600433, 0.2563110291957855, 0.2656620144844055, 0.2750130295753479, 0.2843640446662903, 0.2937150299549103]}, "parameters/model.fc.weight": {"_type": "histogram", "values": [2.0, 0.0, 0.0, 1.0, 0.0, 1.0, 0.0, 0.0, 0.0, 0.0, 0.0, 0.0, 0.0, 0.0, 0.0, 0.0, 0.0, 0.0, 0.0, 0.0, 0.0, 1.0, 0.0, 1.0, 0.0, 0.0, 0.0, 0.0, 2.0, 0.0, 0.0, 0.0, 1.0, 0.0, 0.0, 0.0, 0.0, 1.0, 0.0, 0.0, 0.0, 0.0, 0.0, 1.0, 0.0, 0.0, 0.0, 0.0, 0.0, 0.0, 0.0, 0.0, 0.0, 0.0, 0.0, 0.0, 0.0, 0.0, 0.0, 0.0, 0.0, 0.0, 0.0, 1.0],