{"parameters/model.lstm.weight_ih_l0": {"_type": "histogram", "values": [6.0, 5.0, 5.0, 5.0, 5.0, 5.0, 9.0, 4.0, 5.0, 7.0, 9.0, 9.0, 9.0, 2.0, 7.0, 5.0, 9.0, 6.0, 11.0, 4.0, 9.0, 5.0, 9.0, 7.0, 8.0, 12.0, 1.0, 5.0, 2.0, 8.0, 7.0, 3.0, 4.0, 8.0, 5.0, 11.0, 3.0, 2.0, 5.0, 4.0, 6.0, 10.0, 2.0, 14.0, 5.0, 6.0, 4.0, 6.0, 5.0, 6.0, 8.0, 5.0, 4.0, 4.0, 8.0, 3.0, 2.0, 8.0, 6.0, 4.0, 6.0, 5.0, 5.0, 7.0], "bins": [-0.28533631563186646, -0.2763737440109253, -0.26741117238998413, -0.2584485709667206, -0.24948599934577942, -0.24052342772483826, -0.2315608412027359, -0.22259825468063354, -0.21363568305969238, -0.20467311143875122, -0.19571052491664886, -0.1867479383945465, -0.17778536677360535, -0.16882279515266418, -0.15986020863056183, -0.15089762210845947, -0.1419350504875183, -0.13297247886657715, -0.12400989234447479, -0.11504731327295303, -0.10608473420143127, -0.09712215512990952, -0.08815957605838776, -0.079196996986866, -0.07023441791534424, -0.06127183884382248, -0.05230925977230072, -0.04334668070077896, -0.0343841016292572, -0.025421522557735443, -0.016458943486213684, -0.007496364414691925, 0.001466214656829834, 0.010428793728351593, 0.019391372799873352, 0.02835395187139511, 0.03731653094291687, 0.04627911001443863, 0.05524168908596039, 0.06420426815748215, 0.0731668472290039, 0.08212942630052567, 0.09109200537204742, 0.10005458444356918, 0.10901716351509094, 0.1179797425866127, 0.12694232165813446, 0.13590490818023682, 0.14486747980117798, 0.15383005142211914, 0.1627926379442215, 0.17175522446632385, 0.18071779608726501, 0.18968036770820618, 0.19864295423030853, 0.2076055407524109, 0.21656811237335205, 0.2255306839942932, 0.23449327051639557, 0.24345585703849792, 0.2524184286594391, 0.26138100028038025, 0.2703436017036438, 0.27930617332458496, 0.2882687449455261]}, "parameters/model.lstm.weight_hh_l0": {"_type": "histogram", "values": [8.0, 3.0, 7.0, 8.0, 6.0, 12.0, 10.0, 11.0, 12.0, 5.0, 9.0, 5.0, 12.0, 10.0, 11.0, 11.0, 12.0, 8.0, 8.0, 10.0, 8.0, 9.0, 9.0, 5.0, 7.0, 2.0, 8.0, 15.0, 6.0, 7.0, 11.0, 7.0, 8.0, 6.0, 11.0, 12.0, 9.0, 6.0, 6.0, 10.0, 11.0, 10.0, 8.0, 4.0, 11.0, 8.0, 11.0, 10.0, 7.0, 12.0, 10.0, 11.0, 10.0, 6.0, 9.0, 11.0, 11.0, 8.0, 17.0, 13.0, 12.0, 9.0, 9.0, 8.0], "bins": [-0.2881332039833069, -0.2791259288787842, -0.2701186537742615, -0.26111140847206116, -0.25210413336753845, -0.24309685826301575, -0.23408959805965424, -0.22508233785629272, -0.21607506275177002, -0.20706778764724731, -0.1980605274438858, -0.1890532672405243, -0.1800459921360016, -0.17103871703147888, -0.16203145682811737, -0.15302419662475586, -0.14401692152023315, -0.13500964641571045, -0.12600238621234894, -0.11699511855840683, -0.10798785090446472, -0.09898058325052261, -0.0899733155965805, -0.0809660479426384, -0.07195878028869629, -0.06295151263475418, -0.05394424498081207, -0.044936977326869965, -0.035929709672927856, -0.02692244201898575, -0.01791517436504364, -0.008907906711101532, 9.933114051818848e-05, 0.009106598794460297, 0.018113866448402405, 0.027121134102344513, 0.03612840175628662, 0.04513566941022873, 0.05414293706417084, 0.06315020471811295, 0.07215747237205505, 0.08116474002599716, 0.09017200767993927, 0.09917927533388138, 0.10818654298782349, 0.1171938106417656, 0.1262010782957077, 0.1352083384990692, 0.14421561360359192, 0.15322288870811462, 0.16223014891147614, 0.17123740911483765, 0.18024468421936035, 0.18925195932388306, 0.19825921952724457, 0.20726647973060608, 0.21627375483512878, 0.2252810299396515, 0.234288290143013, 0.2432955503463745, 0.2523028254508972, 0.2613101005554199, 0.2703173756599426, 0.27932462096214294, 0.28833189606666565]}, "parameters/model.lstm.bias_ih_l0": {"_type": "histogram", "values": [2.0, 1.0, 2.0, 0.0, 0.0, 0.0, 0.0, 0.0, 0.0, 1.0, 0.0, 1.0, 1.0, 0.0, 0.0, 0.0, 3.0, 1.0, 0.0, 2.0, 0.0, 2.0, 0.0, 2.0, 2.0, 0.0, 0.0, 0.0, 1.0, 0.0, 0.0, 0.0, 0.0, 2.0, 1.0, 0.0, 1.0, 2.0, 0.0, 0.0, 2.0, 1.0, 0.0, 1.0, 1.0, 2.0, 2.0, 2.0, 0.0, 0.0, 0.0, 1.0, 3.0, 1.0, 0.0, 0.0, 1.0, 0.0, 0.0, 1.0, 0.0, 0.0, 2.0, 1.0], "bins": [-0.27255189418792725, -0.2640770673751831, -0.25560227036476135, -0.2471274435520172, -0.23865263164043427, -0.23017781972885132, -0.22170299291610718, -0.21322818100452423, -0.20475336909294128, -0.19627855718135834, -0.1878037452697754, -0.17932891845703125, -0.1708541065454483, -0.16237929463386536, -0.15390446782112122, -0.14542965590953827, -0.13695484399795532, -0.12848003208637238, -0.12000521272420883, -0.11153039336204529, -0.10305558145046234, -0.0945807695388794, -0.08610595017671585, -0.07763113081455231, -0.06915631890296936, -0.060681503266096115, -0.05220668762922287, -0.043731871992349625, -0.03525705635547638, -0.026782240718603134, -0.01830742508172989, -0.009832609444856644, -0.0013577640056610107, 0.0071170516312122345, 0.01559186726808548, 0.024066682904958725, 0.03254149854183197, 0.041016314178705215, 0.04949112981557846, 0.057965945452451706, 0.06644076108932495, 0.0749155730009079, 0.08339039236307144, 0.09186521172523499, 0.10034002363681793, 0.10881483554840088, 0.11728965491056442, 0.12576447427272797, 0.1342392861843109, 0.14271409809589386, 0.1511889100074768, 0.15966373682022095, 0.1681385487318039, 0.17661336064338684, 0.18508818745613098, 0.19356299936771393, 0.20203781127929688, 0.21051262319087982, 0.21898743510246277, 0.2274622619152069, 0.23593707382678986, 0.2444118857383728, 0.25288671255111694, 0.2613615095615387, 0.26983633637428284]}, "parameters/model.lstm.bias_hh_l0": {"_type": "histogram", "values": [4.0, 1.0, 1.0, 1.0, 2.0, 0.0, 1.0, 1.0, 1.0, 0.0, 2.0, 1.0, 0.0, 0.0, 0.0, 1.0, 0.0, 0.0, 1.0, 1.0, 1.0, 1.0, 0.0, 2.0, 0.0, 1.0, 2.0, 0.0, 0.0, 0.0, 0.0, 0.0, 0.0, 0.0, 0.0, 3.0, 4.0, 0.0, 0.0, 1.0, 1.0, 0.0, 2.0, 0.0, 1.0, 0.0, 0.0, 0.0, 0.0, 0.0, 0.0, 1.0, 0.0, 1.0, 1.0, 0.0, 1.0, 0.0, 0.0, 1.0, 0.0, 2.0, 2.0, 2.0], "bins": [-0.28557541966438293, -0.2769603133201599, -0.2683451771736145, -0.2597300708293915, -0.25111496448516846, -0.24249984323978424, -0.23388472199440002, -0.225269615650177, -0.21665449440479279, -0.20803937315940857, -0.19942426681518555, -0.19080914556980133, -0.18219402432441711, -0.1735789179801941, -0.16496379673480988, -0.15634867548942566, -0.14773356914520264, -0.13911844789981842, -0.1305033415555954, -0.12188822031021118, -0.11327310651540756, -0.10465799272060394, -0.09604287147521973, -0.08742775768041611, -0.07881264388561249, -0.07019753009080887, -0.06158241257071495, -0.05296729505062103, -0.04435218125581741, -0.035737067461013794, -0.027121949940919876, -0.018506832420825958, -0.009891688823699951, -0.0012765731662511826, 0.007338542491197586, 0.015953658148646355, 0.024568773806095123, 0.03318388760089874, 0.04179900512099266, 0.05041412264108658, 0.0590292364358902, 0.06764435023069382, 0.07625946402549744, 0.08487458527088165, 0.09348969906568527, 0.10210481286048889, 0.11071993410587311, 0.11933504790067673, 0.12795016169548035, 0.13656528294086456, 0.14518038928508759, 0.1537955105304718, 0.16241061687469482, 0.17102573812007904, 0.17964085936546326, 0.18825596570968628, 0.1968710869550705, 0.2054862082004547, 0.21410131454467773, 0.22271643579006195, 0.23133155703544617, 0.2399466633796692, 0.2485617846250534, 0.2571769058704376, 0.26579201221466064]}, "parameters/model.fc.weight": {"_type": "histogram", "values": [1.0, 0.0, 0.0, 0.0, 0.0, 1.0, 0.0, 0.0, 0.0, 0.0, 0.0, 1.0, 0.0, 0.0, 0.0, 0.0, 0.0, 0.0, 0.0, 0.0, 0.0, 0.0, 1.0, 0.0, 0.0, 0.0, 0.0, 0.0, 0.0, 0.0, 0.0, 0.0, 0.0, 0.0, 0.0, 0.0, 0.0, 1.0, 0.0, 1.0, 0.0, 0.0, 0.0, 0.0, 0.0, 0.0, 0.0, 0.0, 0.0, 0.0, 0.0, 0.0, 0.0, 0.0, 1.0, 0.0, 1.0, 0.0, 1.0, 0.0, 0.0, 0.0, 0.0, 3.0],