{"parameters/model.lstm.weight_ih_l0": {"_type": "histogram", "values": [6.0, 2.0, 8.0, 8.0, 9.0, 5.0, 4.0, 3.0, 4.0, 7.0, 5.0, 13.0, 6.0, 7.0, 10.0, 3.0, 7.0, 6.0, 10.0, 7.0, 3.0, 9.0, 5.0, 5.0, 7.0, 7.0, 4.0, 8.0, 4.0, 3.0, 8.0, 9.0, 3.0, 10.0, 10.0, 7.0, 4.0, 2.0, 9.0, 6.0, 5.0, 4.0, 5.0, 4.0, 5.0, 5.0, 7.0, 10.0, 6.0, 3.0, 4.0, 1.0, 3.0, 3.0, 6.0, 4.0, 9.0, 9.0, 0.0, 8.0, 6.0, 9.0, 7.0, 8.0], "bins": [-0.2879749834537506, -0.2789832353591919, -0.2699914574623108, -0.2609997093677521, -0.25200796127319336, -0.24301619827747345, -0.23402443528175354, -0.22503268718719482, -0.2160409390926361, -0.2070491760969162, -0.19805742800235748, -0.18906566500663757, -0.18007391691207886, -0.17108215391635895, -0.16209039092063904, -0.15309864282608032, -0.1441068798303604, -0.1351151168346405, -0.1261233687400818, -0.11713160574436188, -0.10813985764980316, -0.09914809465408325, -0.09015633910894394, -0.08116458356380463, -0.07217282056808472, -0.0631810650229454, -0.05418930947780609, -0.04519755020737648, -0.03620579466223717, -0.027214039117097855, -0.018222279846668243, -0.00923052430152893, -0.00023877620697021484, 0.008752980269491673, 0.01774473674595356, 0.026736494153738022, 0.035728249698877335, 0.04472000524401665, 0.05371176451444626, 0.06270352005958557, 0.07169526815414429, 0.0806870236992836, 0.08967877924442291, 0.09867054224014282, 0.10766229033470154, 0.11665405333042145, 0.12564581632614136, 0.13463756442070007, 0.14362932741641998, 0.1526210904121399, 0.1616128385066986, 0.17060460150241852, 0.17959634959697723, 0.18858811259269714, 0.19757986068725586, 0.20657162368297577, 0.21556338667869568, 0.2245551496744156, 0.2335468977689743, 0.2425386607646942, 0.25153040885925293, 0.26052215695381165, 0.26951393485069275, 0.27850568294525146, 0.2874974310398102]}, "parameters/model.lstm.weight_hh_l0": {"_type": "histogram", "values": [8.0, 13.0, 11.0, 12.0, 4.0, 11.0, 8.0, 16.0, 16.0, 4.0, 9.0, 10.0, 12.0, 4.0, 12.0, 6.0, 9.0, 4.0, 9.0, 6.0, 12.0, 11.0, 7.0, 15.0, 14.0, 11.0, 6.0, 9.0, 7.0, 2.0, 5.0, 5.0, 9.0, 6.0, 7.0, 11.0, 7.0, 12.0, 9.0, 9.0, 10.0, 8.0, 11.0, 8.0, 8.0, 9.0, 12.0, 12.0, 8.0, 11.0, 5.0, 11.0, 8.0, 9.0, 9.0, 11.0, 13.0, 8.0, 13.0, 6.0, 7.0, 7.0, 9.0, 5.0], "bins": [-0.28506818413734436, -0.2761519253253937, -0.2672356963157654, -0.2583194375038147, -0.2494031935930252, -0.24048694968223572, -0.23157069087028503, -0.22265444695949554, -0.21373820304870605, -0.20482195913791656, -0.19590571522712708, -0.1869894564151764, -0.1780732125043869, -0.1691569685935974, -0.16024070978164673, -0.15132446587085724, -0.14240822196006775, -0.13349197804927826, -0.12457572668790817, -0.11565947532653809, -0.1067432314157486, -0.0978269875049591, -0.08891073614358902, -0.07999448478221893, -0.07107824087142944, -0.062161993235349655, -0.05324574559926987, -0.04432949796319008, -0.03541325032711029, -0.026497002691030502, -0.017580755054950714, -0.008664507418870926, 0.00025177001953125, 0.009168017655611038, 0.018084265291690826, 0.027000512927770615, 0.0359167605638504, 0.04483300819993019, 0.05374925583600998, 0.06266550719738007, 0.07158175110816956, 0.08049799501895905, 0.08941424638032913, 0.09833049774169922, 0.10724674165248871, 0.1161629855632782, 0.12507924437522888, 0.13399548828601837, 0.14291173219680786, 0.15182797610759735, 0.16074422001838684, 0.16966047883033752, 0.17857672274112701, 0.1874929666519165, 0.1964092254638672, 0.20532546937465668, 0.21424171328544617, 0.22315795719623566, 0.23207420110702515, 0.24099045991897583, 0.24990670382976532, 0.2588229477405548, 0.2677392065525055, 0.2766554355621338, 0.2855716943740845]}, "parameters/model.lstm.bias_ih_l0": {"_type": "histogram", "values": [2.0, 1.0, 1.0, 0.0, 1.0, 5.0, 0.0, 0.0, 0.0, 0.0, 0.0, 0.0, 1.0, 1.0, 1.0, 0.0, 1.0, 1.0, 1.0, 1.0, 0.0, 0.0, 1.0, 0.0, 0.0, 0.0, 1.0, 0.0, 0.0, 1.0, 1.0, 3.0, 2.0, 0.0, 1.0, 0.0, 0.0, 1.0, 1.0, 1.0, 0.0, 2.0, 0.0, 1.0, 0.0, 1.0, 0.0, 2.0, 1.0, 1.0, 0.0, 0.0, 1.0, 1.0, 1.0, 0.0, 1.0, 0.0, 2.0, 0.0, 0.0, 0.0, 2.0, 2.0], "bins": [-0.2702952027320862, -0.2618003189563751, -0.25330543518066406, -0.244810551404953, -0.23631566762924194, -0.22782078385353088, -0.21932590007781982, -0.21083101630210876, -0.2023361325263977, -0.19384124875068665, -0.18534636497497559, -0.17685148119926453, -0.16835659742355347, -0.1598617136478424, -0.15136682987213135, -0.1428719460964203, -0.13437706232070923, -0.12588217854499817, -0.11738729476928711, -0.10889241099357605, -0.10039752721786499, -0.09190264344215393, -0.08340775966644287, -0.07491287589073181, -0.06641799211502075, -0.05792310833930969, -0.04942822456359863, -0.04093334078788757, -0.032438457012176514, -0.023943573236465454, -0.015448689460754395, -0.006953805685043335, 0.0015411078929901123, 0.010035991668701172, 0.01853087544441223, 0.02702575922012329, 0.03552064299583435, 0.04401552677154541, 0.05251041054725647, 0.06100529432296753, 0.06950017809867859, 0.07799506187438965, 0.08648994565010071, 0.09498482942581177, 0.10347971320152283, 0.11197459697723389, 0.12046948075294495, 0.128964364528656, 0.13745924830436707, 0.14595413208007812, 0.15444901585578918, 0.16294389963150024, 0.1714387834072113, 0.17993366718292236, 0.18842855095863342, 0.19692343473434448, 0.20541831851005554, 0.2139132022857666, 0.22240808606147766, 0.23090296983718872, 0.23939785361289978, 0.24789273738861084, 0.2563876211643219, 0.26488250494003296, 0.273377388715744]}, "parameters/model.lstm.bias_hh_l0": {"_type": "histogram", "values": [1.0, 2.0, 1.0, 0.0, 1.0, 0.0, 1.0, 0.0, 1.0, 0.0, 1.0, 0.0, 0.0, 1.0, 1.0, 1.0, 0.0, 1.0, 3.0, 0.0, 3.0, 1.0, 0.0, 1.0, 0.0, 1.0, 1.0, 1.0, 0.0, 0.0, 3.0, 0.0, 0.0, 1.0, 2.0, 0.0, 0.0, 1.0, 2.0, 1.0, 1.0, 0.0, 0.0, 0.0, 0.0, 0.0, 1.0, 0.0, 1.0, 2.0, 1.0, 1.0, 1.0, 2.0, 0.0, 0.0, 2.0, 1.0, 0.0, 1.0, 0.0, 0.0, 0.0, 1.0], "bins": [-0.28397661447525024, -0.27543097734451294, -0.266885370016098, -0.2583397328853607, -0.2497941255569458, -0.2412484884262085, -0.23270286619663239, -0.22415724396705627, -0.21561162173748016, -0.20706599950790405, -0.19852037727832794, -0.18997475504875183, -0.18142911791801453, -0.1728835105895996, -0.1643378734588623, -0.1557922512292862, -0.14724662899971008, -0.13870100677013397, -0.13015538454055786, -0.12160975486040115, -0.11306413263082504, -0.10451851040124893, -0.09597288072109222, -0.08742725849151611, -0.07888163626194, -0.07033601403236389, -0.06179038807749748, -0.05324476212263107, -0.04469913989305496, -0.03615351766347885, -0.027607891708612442, -0.019062265753746033, -0.01051667332649231, -0.0019710492342710495, 0.006574574857950211, 0.01512019895017147, 0.02366582304239273, 0.03221144527196884, 0.04075707122683525, 0.04930269718170166, 0.05784831941127777, 0.06639394164085388, 0.07493956387042999, 0.0834851935505867, 0.09203081578016281, 0.10057643800973892, 0.10912206768989563, 0.11766768991947174, 0.12621331214904785, 0.13475893437862396, 0.14330455660820007, 0.15185017883777618, 0.1603958010673523, 0.1689414381980896, 0.1774870604276657, 0.18603268265724182, 0.19457830488681793, 0.20312392711639404, 0.21166954934597015, 0.22021517157554626, 0.22876080870628357, 0.2373064160346985, 0.2458520531654358, 0.2543976902961731, 0.262943297624588]}, "parameters/model.fc.weight": {"_type": "histogram", "values": [1.0, 0.0, 0.0, 0.0, 0.0, 0.0, 1.0, 0.0, 0.0, 1.0, 0.0, 0.0, 0.0, 1.0, 0.0, 0.0, 1.0, 0.0, 0.0, 0.0, 0.0, 0.0, 0.0, 0.0, 1.0, 0.0, 0.0, 1.0, 0.0, 0.0, 0.0, 0.0, 0.0, 0.0, 1.0, 0.0, 0.0, 0.0, 0.0, 0.0, 0.0, 0.0, 0.0, 0.0, 0.0, 0.0, 0.0, 0.0, 0.0, 0.0, 0.0, 0.0, 0.0, 0.0, 0.0, 0.0, 1.0, 0.0, 1.0, 0.0, 0.0, 0.0, 0.0, 2.0],