{"parameters/model.lstm.weight_ih_l0": {"_type": "histogram", "values": [6.0, 3.0, 5.0, 3.0, 2.0, 4.0, 5.0, 4.0, 6.0, 6.0, 5.0, 4.0, 5.0, 7.0, 6.0, 10.0, 8.0, 6.0, 9.0, 9.0, 6.0, 3.0, 5.0, 4.0, 6.0, 4.0, 8.0, 10.0, 5.0, 6.0, 3.0, 9.0, 4.0, 4.0, 9.0, 10.0, 3.0, 4.0, 8.0, 11.0, 8.0, 7.0, 5.0, 4.0, 3.0, 10.0, 4.0, 4.0, 4.0, 10.0, 4.0, 2.0, 10.0, 4.0, 8.0, 5.0, 6.0, 10.0, 3.0, 13.0, 8.0, 4.0, 6.0, 7.0], "bins": [-0.2781723141670227, -0.2691906690597534, -0.2602090537548065, -0.25122740864753723, -0.24224576354026794, -0.23326413333415985, -0.22428250312805176, -0.21530085802078247, -0.20631922781467438, -0.19733759760856628, -0.188355952501297, -0.1793743222951889, -0.1703926920890808, -0.16141104698181152, -0.15242941677570343, -0.14344778656959534, -0.13446614146232605, -0.12548451125621796, -0.11650286614894867, -0.10752123594284058, -0.09853959828615189, -0.0895579606294632, -0.0805763304233551, -0.07159469276666641, -0.06261305510997772, -0.05363141745328903, -0.04464978352189064, -0.03566814959049225, -0.02668651193380356, -0.017704874277114868, -0.008723240345716476, 0.0002583935856819153, 0.009240001440048218, 0.01822163723409176, 0.0272032730281353, 0.03618490695953369, 0.04516654461622238, 0.05414818227291107, 0.06312981247901917, 0.07211145013570786, 0.08109308779239655, 0.09007472544908524, 0.09905636310577393, 0.10803799331188202, 0.11701963096857071, 0.1260012686252594, 0.1349828988313675, 0.14396452903747559, 0.15294617414474487, 0.16192780435085297, 0.17090944945812225, 0.17989107966423035, 0.18887272477149963, 0.19785435497760773, 0.20683598518371582, 0.2158176302909851, 0.2247992604970932, 0.2337808907032013, 0.24276253581047058, 0.25174418091773987, 0.26072579622268677, 0.26970744132995605, 0.27868908643722534, 0.28767070174217224, 0.29665234684944153]}, "parameters/model.lstm.weight_hh_l0": {"_type": "histogram", "values": [5.0, 6.0, 10.0, 4.0, 14.0, 13.0, 9.0, 14.0, 9.0, 12.0, 15.0, 9.0, 10.0, 15.0, 12.0, 3.0, 9.0, 12.0, 11.0, 3.0, 13.0, 11.0, 7.0, 9.0, 5.0, 8.0, 5.0, 10.0, 6.0, 8.0, 11.0, 8.0, 8.0, 7.0, 13.0, 9.0, 15.0, 9.0, 10.0, 15.0, 11.0, 7.0, 10.0, 11.0, 12.0, 7.0, 9.0, 6.0, 6.0, 8.0, 8.0, 10.0, 8.0, 5.0, 7.0, 12.0, 12.0, 10.0, 8.0, 5.0, 8.0, 5.0, 4.0, 5.0], "bins": [-0.29343074560165405, -0.2841934263706207, -0.2749561369419098, -0.26571881771087646, -0.2564815282821655, -0.2472442090511322, -0.23800690472126007, -0.22876960039138794, -0.2195322960615158, -0.21029499173164368, -0.20105768740177155, -0.19182038307189941, -0.1825830638408661, -0.17334577441215515, -0.16410845518112183, -0.1548711508512497, -0.14563384652137756, -0.13639654219150543, -0.1271592378616333, -0.11792192608118057, -0.10868462175130844, -0.09944731742143631, -0.09021000564098358, -0.08097270131111145, -0.07173539698123932, -0.06249809265136719, -0.05326078459620476, -0.04402347654104233, -0.0347861722111702, -0.025548867881298065, -0.016311559826135635, -0.007074251770973206, 0.002163022756576538, 0.011400328949093819, 0.0206376351416111, 0.02987494133412838, 0.03911224752664566, 0.04834955185651779, 0.05758685991168022, 0.06682416796684265, 0.07606147229671478, 0.08529877662658691, 0.09453608095645905, 0.10377339273691177, 0.1130106970667839, 0.12224800139665604, 0.13148531317710876, 0.1407226175069809, 0.14995992183685303, 0.15919722616672516, 0.1684345304965973, 0.17767183482646942, 0.18690913915634155, 0.19614645838737488, 0.205383762717247, 0.21462106704711914, 0.22385837137699127, 0.2330956757068634, 0.24233298003673553, 0.25157028436660767, 0.260807603597641, 0.27004489302635193, 0.27928221225738525, 0.2885195016860962, 0.2977568209171295]}, "parameters/model.lstm.bias_ih_l0": {"_type": "histogram", "values": [2.0, 1.0, 0.0, 1.0, 1.0, 0.0, 1.0, 1.0, 0.0, 2.0, 1.0, 3.0, 0.0, 0.0, 1.0, 0.0, 0.0, 0.0, 0.0, 1.0, 0.0, 1.0, 1.0, 1.0, 1.0, 0.0, 1.0, 0.0, 0.0, 0.0, 2.0, 1.0, 0.0, 0.0, 0.0, 1.0, 0.0, 2.0, 0.0, 0.0, 1.0, 2.0, 2.0, 4.0, 0.0, 2.0, 0.0, 0.0, 1.0, 1.0, 2.0, 0.0, 3.0, 0.0, 1.0, 0.0, 1.0, 1.0, 0.0, 0.0, 0.0, 0.0, 0.0, 1.0], "bins": [-0.2711105942726135, -0.26248615980148315, -0.2538617253303528, -0.24523727595806122, -0.23661282658576965, -0.22798839211463928, -0.2193639576435089, -0.21073952317237854, -0.20211507380008698, -0.1934906393289566, -0.18486618995666504, -0.17624175548553467, -0.1676173210144043, -0.15899287164211273, -0.15036843717098236, -0.1417439877986908, -0.13311955332756042, -0.12449511140584946, -0.11587066948413849, -0.10724623501300812, -0.09862179309129715, -0.08999735116958618, -0.08137291669845581, -0.07274847477674484, -0.06412403285503387, -0.055499590933322906, -0.04687515273690224, -0.03825071454048157, -0.0296262726187706, -0.02100183069705963, -0.012377392500638962, -0.0037529543042182922, 0.0048715174198150635, 0.013495957478880882, 0.0221203975379467, 0.03074483759701252, 0.03936927765607834, 0.04799371957778931, 0.056618157774209976, 0.06524259597063065, 0.07386703789234161, 0.08249147981405258, 0.09111592173576355, 0.09974035620689392, 0.10836479812860489, 0.11698924005031586, 0.12561367452144623, 0.1342381238937378, 0.14286255836486816, 0.15148699283599854, 0.1601114422082901, 0.16873587667942047, 0.17736032605171204, 0.1859847605228424, 0.19460919499397278, 0.20323362946510315, 0.21185807883739471, 0.22048251330852509, 0.22910696268081665, 0.23773139715194702, 0.2463558316230774, 0.25498026609420776, 0.2636047303676605, 0.2722291648387909, 0.28085359930992126]}, "parameters/model.lstm.bias_hh_l0": {"_type": "histogram", "values": [1.0, 1.0, 0.0, 0.0, 0.0, 1.0, 0.0, 0.0, 3.0, 2.0, 0.0, 0.0, 3.0, 0.0, 1.0, 0.0, 1.0, 1.0, 0.0, 0.0, 2.0, 0.0, 0.0, 2.0, 1.0, 1.0, 3.0, 0.0, 0.0, 2.0, 3.0, 0.0, 2.0, 0.0, 1.0, 0.0, 1.0, 1.0, 0.0, 2.0, 0.0, 0.0, 2.0, 0.0, 1.0, 1.0, 0.0, 1.0, 0.0, 2.0, 0.0, 0.0, 1.0, 0.0, 1.0, 1.0, 0.0, 0.0, 1.0, 1.0, 0.0, 0.0, 0.0, 1.0], "bins": [-0.2734014689922333, -0.2646484076976776, -0.25589534640312195, -0.24714228510856628, -0.23838922381401062, -0.22963616251945496, -0.22088311612606049, -0.21213005483150482, -0.20337699353694916, -0.1946239322423935, -0.18587087094783783, -0.17711780965328217, -0.1683647632598877, -0.15961170196533203, -0.15085864067077637, -0.1421055793762207, -0.13335251808166504, -0.12459945678710938, -0.11584639549255371, -0.10709334164857864, -0.09834028035402298, -0.08958721905946732, -0.08083416521549225, -0.07208110392093658, -0.06332804262638092, -0.054574981331825256, -0.04582192376255989, -0.037068866193294525, -0.02831580489873886, -0.019562743604183197, -0.010809686034917831, -0.002056628465652466, 0.006696432828903198, 0.015449492260813713, 0.024202551692724228, 0.032955609261989594, 0.04170867055654526, 0.05046173185110092, 0.05921478942036629, 0.06796784698963165, 0.07672090828418732, 0.08547396957874298, 0.09422703087329865, 0.10298008471727371, 0.11173314601182938, 0.12048620730638504, 0.1292392611503601, 0.13799232244491577, 0.14674538373947144, 0.1554984450340271, 0.16425150632858276, 0.17300456762313843, 0.1817576289176941, 0.19051069021224976, 0.19926373660564423, 0.2080167979001999, 0.21676985919475555, 0.22552292048931122, 0.23427598178386688, 0.24302904307842255, 0.251782089471817, 0.2605351507663727, 0.26928821206092834, 0.278041273355484, 0.2867943346500397]}, "parameters/model.fc.weight": {"_type": "histogram", "values": [1.0, 0.0, 0.0, 0.0, 0.0, 0.0, 0.0, 0.0, 0.0, 0.0, 1.0, 0.0, 0.0, 0.0, 0.0, 0.0, 0.0, 0.0, 0.0, 0.0, 0.0, 0.0, 0.0, 0.0, 0.0, 0.0, 0.0, 0.0, 0.0, 0.0, 0.0, 0.0, 0.0, 0.0, 0.0, 0.0, 0.0, 1.0, 0.0, 1.0, 0.0, 0.0, 0.0, 0.0, 1.0, 0.0, 0.0, 2.0, 0.0, 0.0, 1.0, 0.0, 0.0, 1.0, 0.0, 0.0, 2.0, 0.0, 0.0, 0.0, 0.0, 0.0, 0.0, 1.0],