{"parameters/model.lstm.weight_ih_l0": {"_type": "histogram", "values": [4.0, 6.0, 1.0, 7.0, 10.0, 7.0, 4.0, 4.0, 10.0, 9.0, 9.0, 5.0, 4.0, 3.0, 6.0, 8.0, 5.0, 4.0, 6.0, 4.0, 3.0, 9.0, 8.0, 5.0, 6.0, 6.0, 10.0, 4.0, 2.0, 6.0, 5.0, 10.0, 10.0, 6.0, 9.0, 7.0, 5.0, 8.0, 6.0, 6.0, 7.0, 13.0, 8.0, 3.0, 6.0, 5.0, 5.0, 5.0, 4.0, 10.0, 11.0, 3.0, 5.0, 10.0, 2.0, 3.0, 7.0, 5.0, 3.0, 5.0, 5.0, 0.0, 3.0, 9.0], "bins": [-0.28663966059684753, -0.2777002155780792, -0.2687607407569885, -0.2598212957382202, -0.2508818507194519, -0.2419423758983612, -0.2330029308795929, -0.2240634709596634, -0.2151240110397339, -0.20618455111980438, -0.19724510610103607, -0.18830564618110657, -0.17936618626117706, -0.17042672634124756, -0.16148728132247925, -0.15254782140254974, -0.14360837638378143, -0.13466891646385193, -0.12572947144508362, -0.11679001152515411, -0.10785055160522461, -0.0989110991358757, -0.0899716466665268, -0.08103218674659729, -0.07209274172782898, -0.06315328925848007, -0.05421382933855057, -0.04527437686920166, -0.036334920674562454, -0.02739546447992325, -0.01845601201057434, -0.009516552090644836, -0.000577092170715332, 0.0083623630926013, 0.01730181835591793, 0.026241272687911987, 0.03518072888255119, 0.0441201850771904, 0.05305963754653931, 0.06199909746646881, 0.07093855738639832, 0.07987800985574722, 0.08881746977567673, 0.09775692224502563, 0.10669638216495514, 0.11563583463430405, 0.12457528710365295, 0.13351474702358246, 0.14245419204235077, 0.15139365196228027, 0.16033309698104858, 0.1692725569009781, 0.1782120168209076, 0.1871514618396759, 0.1960909217596054, 0.2050303816795349, 0.21396982669830322, 0.22290928661823273, 0.23184873163700104, 0.24078819155693054, 0.24972765147686005, 0.25866711139678955, 0.26760655641555786, 0.27654600143432617, 0.28548547625541687]}, "parameters/model.lstm.weight_hh_l0": {"_type": "histogram", "values": [7.0, 10.0, 10.0, 7.0, 12.0, 9.0, 11.0, 15.0, 9.0, 11.0, 7.0, 9.0, 12.0, 9.0, 7.0, 6.0, 15.0, 9.0, 10.0, 6.0, 11.0, 9.0, 5.0, 8.0, 14.0, 10.0, 7.0, 8.0, 6.0, 8.0, 5.0, 5.0, 3.0, 10.0, 7.0, 12.0, 6.0, 6.0, 11.0, 10.0, 15.0, 2.0, 8.0, 8.0, 13.0, 8.0, 7.0, 14.0, 10.0, 10.0, 2.0, 7.0, 9.0, 11.0, 10.0, 7.0, 8.0, 11.0, 15.0, 8.0, 11.0, 6.0, 11.0, 13.0], "bins": [-0.28802692890167236, -0.2790183126926422, -0.27000972628593445, -0.2610011100769043, -0.25199249386787415, -0.2429838925600052, -0.23397529125213623, -0.22496667504310608, -0.21595807373523712, -0.20694947242736816, -0.197940856218338, -0.18893225491046906, -0.1799236536026001, -0.17091503739356995, -0.161906436085701, -0.15289783477783203, -0.14388921856880188, -0.13488061726093292, -0.12587200105190277, -0.11686339974403381, -0.10785479098558426, -0.0988461822271347, -0.08983758091926575, -0.08082897216081619, -0.07182036340236664, -0.06281175464391708, -0.05380314961075783, -0.04479454457759857, -0.03578593581914902, -0.026777327060699463, -0.017768722027540207, -0.008760116994380951, 0.0002485215663909912, 0.009257128462195396, 0.0182657353579998, 0.027274342253804207, 0.03628294914960861, 0.045291557908058167, 0.05430016294121742, 0.06330876797437668, 0.07231737673282623, 0.08132598549127579, 0.09033459424972534, 0.0993431955575943, 0.10835180431604385, 0.11736041307449341, 0.12636901438236237, 0.13537761569023132, 0.14438623189926147, 0.15339483320713043, 0.16240344941616058, 0.17141205072402954, 0.1804206669330597, 0.18942926824092865, 0.1984378695487976, 0.20744648575782776, 0.21645508706569672, 0.22546368837356567, 0.23447230458259583, 0.24348090589046478, 0.25248950719833374, 0.2614981234073639, 0.27050673961639404, 0.2795153260231018, 0.28852394223213196]}, "parameters/model.lstm.bias_ih_l0": {"_type": "histogram", "values": [4.0, 0.0, 0.0, 0.0, 1.0, 0.0, 1.0, 2.0, 1.0, 1.0, 1.0, 0.0, 0.0, 0.0, 0.0, 1.0, 1.0, 1.0, 1.0, 0.0, 0.0, 0.0, 0.0, 0.0, 0.0, 1.0, 1.0, 0.0, 0.0, 0.0, 0.0, 1.0, 0.0, 1.0, 1.0, 3.0, 1.0, 2.0, 1.0, 1.0, 0.0, 1.0, 2.0, 0.0, 2.0, 1.0, 1.0, 2.0, 0.0, 1.0, 0.0, 1.0, 0.0, 0.0, 0.0, 0.0, 2.0, 1.0, 0.0, 1.0, 0.0, 2.0, 1.0, 2.0], "bins": [-0.27202045917510986, -0.26370343565940857, -0.2553864121437073, -0.24706938862800598, -0.2387523651123047, -0.2304353415966034, -0.2221183031797409, -0.2138012796640396, -0.20548425614833832, -0.19716723263263702, -0.18885020911693573, -0.18053318560123444, -0.17221614718437195, -0.16389912366867065, -0.15558210015296936, -0.14726507663726807, -0.13894805312156677, -0.13063102960586548, -0.12231400609016418, -0.1139969751238823, -0.105679951608181, -0.0973629280924797, -0.08904589712619781, -0.08072887361049652, -0.07241185009479523, -0.06409482657909393, -0.05577779933810234, -0.04746077209711075, -0.039143748581409454, -0.03082672506570816, -0.022509697824716568, -0.014192670583724976, -0.005875647068023682, 0.0024413783103227615, 0.010758403688669205, 0.019075429067015648, 0.02739245444536209, 0.035709477961063385, 0.04402650520205498, 0.05234353244304657, 0.060660555958747864, 0.06897757947444916, 0.07729460299015045, 0.08561163395643234, 0.09392865747213364, 0.10224568098783493, 0.11056271195411682, 0.11887973546981812, 0.1271967589855194, 0.1355137825012207, 0.143830806016922, 0.1521478295326233, 0.16046485304832458, 0.16878187656402588, 0.17709891498088837, 0.18541593849658966, 0.19373296201229095, 0.20204998552799225, 0.21036700904369354, 0.21868403255939484, 0.22700107097625732, 0.23531809449195862, 0.2436351180076599, 0.2519521415233612, 0.2602691650390625]}, "parameters/model.lstm.bias_hh_l0": {"_type": "histogram", "values": [1.0, 0.0, 0.0, 1.0, 0.0, 0.0, 2.0, 0.0, 0.0, 0.0, 0.0, 0.0, 1.0, 0.0, 2.0, 0.0, 0.0, 0.0, 0.0, 1.0, 2.0, 0.0, 2.0, 0.0, 1.0, 0.0, 0.0, 1.0, 0.0, 1.0, 1.0, 1.0, 0.0, 1.0, 2.0, 3.0, 4.0, 2.0, 2.0, 0.0, 0.0, 1.0, 1.0, 3.0, 1.0, 1.0, 1.0, 2.0, 0.0, 2.0, 0.0, 0.0, 1.0, 1.0, 1.0, 0.0, 0.0, 0.0, 0.0, 0.0, 0.0, 0.0, 0.0, 2.0], "bins": [-0.28044986724853516, -0.2715664207935333, -0.2626829743385315, -0.25379952788352966, -0.24491608142852783, -0.236032634973526, -0.22714920341968536, -0.21826575696468353, -0.2093823105096817, -0.20049886405467987, -0.19161541759967804, -0.1827319711446762, -0.17384853959083557, -0.16496509313583374, -0.1560816466808319, -0.14719820022583008, -0.13831475377082825, -0.12943130731582642, -0.12054786086082458, -0.11166442185640335, -0.10278097540140152, -0.09389752894639969, -0.08501408994197845, -0.07613064348697662, -0.06724719703197479, -0.05836375057697296, -0.04948030784726143, -0.040596865117549896, -0.031713418662548065, -0.022829972207546234, -0.013946529477834702, -0.005063086748123169, 0.0038203299045562744, 0.012703774496912956, 0.021587219089269638, 0.03047066368162632, 0.039354108273983, 0.04823755472898483, 0.057120997458696365, 0.0660044401884079, 0.07488788664340973, 0.08377133309841156, 0.09265477955341339, 0.10153821855783463, 0.11042166501283646, 0.11930511146783829, 0.12818855047225952, 0.13707199692726135, 0.14595544338226318, 0.15483888983726501, 0.16372233629226685, 0.17260578274726868, 0.1814892292022705, 0.19037267565727234, 0.19925610721111298, 0.2081395536661148, 0.21702300012111664, 0.22590644657611847, 0.2347898930311203, 0.24367333948612213, 0.25255677103996277, 0.2614402174949646, 0.27032366394996643, 0.27920711040496826, 0.2880905568599701]}, "parameters/model.fc.weight": {"_type": "histogram", "values": [2.0, 0.0, 0.0, 0.0, 0.0, 1.0, 0.0, 0.0, 0.0, 0.0, 0.0, 0.0, 0.0, 0.0, 1.0, 0.0, 0.0, 0.0, 0.0, 0.0, 0.0, 0.0, 0.0, 0.0, 0.0, 0.0, 0.0, 0.0, 1.0, 0.0, 0.0, 0.0, 0.0, 0.0, 0.0, 0.0, 1.0, 0.0, 0.0, 0.0, 0.0, 0.0, 1.0, 0.0, 0.0, 0.0, 0.0, 0.0, 1.0, 0.0, 0.0, 0.0, 0.0, 0.0, 0.0, 0.0, 1.0, 1.0, 0.0, 0.0, 0.0, 0.0, 0.0, 2.0],