{"parameters/model.lstm.weight_ih_l0": {"_type": "histogram", "values": [2.0, 3.0, 6.0, 8.0, 6.0, 7.0, 3.0, 6.0, 3.0, 4.0, 6.0, 8.0, 4.0, 8.0, 4.0, 6.0, 11.0, 6.0, 5.0, 5.0, 10.0, 8.0, 3.0, 6.0, 7.0, 9.0, 7.0, 11.0, 8.0, 2.0, 5.0, 5.0, 3.0, 5.0, 14.0, 6.0, 7.0, 9.0, 9.0, 3.0, 6.0, 4.0, 4.0, 10.0, 8.0, 4.0, 4.0, 9.0, 6.0, 2.0, 6.0, 4.0, 10.0, 1.0, 5.0, 3.0, 7.0, 5.0, 8.0, 7.0, 7.0, 9.0, 3.0, 4.0], "bins": [-0.29502198100090027, -0.2858080565929413, -0.2765941023826599, -0.2673801779747009, -0.25816625356674194, -0.24895231425762177, -0.2397383749485016, -0.2305244505405426, -0.22131051123142242, -0.21209657192230225, -0.20288264751434326, -0.19366870820522308, -0.1844547688961029, -0.17524084448814392, -0.16602690517902374, -0.15681296586990356, -0.14759904146194458, -0.1383851021528244, -0.12917117774486542, -0.11995723843574524, -0.11074330657720566, -0.10152937471866608, -0.0923154354095459, -0.08310150355100632, -0.07388757169246674, -0.06467363983392715, -0.055459704250097275, -0.046245768666267395, -0.037031836807727814, -0.027817904949188232, -0.018603969365358353, -0.009390033781528473, -0.0001761317253112793, 0.009037801995873451, 0.018251735717058182, 0.027465669438242912, 0.03667960315942764, 0.045893535017967224, 0.055107470601797104, 0.06432140618562698, 0.07353533804416656, 0.08274926990270615, 0.09196320176124573, 0.1011771410703659, 0.11039107292890549, 0.11960500478744507, 0.12881894409656525, 0.13803288340568542, 0.1472468078136444, 0.1564607471227646, 0.16567467153072357, 0.17488861083984375, 0.18410253524780273, 0.1933164745569229, 0.2025304138660431, 0.21174433827400208, 0.22095827758312225, 0.23017221689224243, 0.23938614130020142, 0.2486000806093216, 0.2578140199184418, 0.26702794432640076, 0.27624186873435974, 0.2854558229446411, 0.2946697473526001]}, "parameters/model.lstm.weight_hh_l0": {"_type": "histogram", "values": [6.0, 2.0, 6.0, 10.0, 15.0, 13.0, 8.0, 6.0, 10.0, 5.0, 8.0, 11.0, 9.0, 7.0, 7.0, 8.0, 12.0, 8.0, 10.0, 10.0, 7.0, 8.0, 13.0, 9.0, 11.0, 10.0, 11.0, 13.0, 13.0, 9.0, 16.0, 8.0, 6.0, 14.0, 7.0, 14.0, 11.0, 4.0, 9.0, 10.0, 12.0, 12.0, 8.0, 11.0, 4.0, 9.0, 7.0, 10.0, 7.0, 10.0, 9.0, 11.0, 6.0, 9.0, 10.0, 7.0, 12.0, 6.0, 9.0, 11.0, 5.0, 7.0, 6.0, 4.0], "bins": [-0.2992267608642578, -0.28990423679351807, -0.2805817127227783, -0.2712591886520386, -0.26193666458129883, -0.2526141405105591, -0.24329161643981934, -0.2339690923690796, -0.22464656829833984, -0.2153240442276001, -0.20600152015686035, -0.1966789960861206, -0.18735647201538086, -0.1780339479446411, -0.16871142387390137, -0.15938889980316162, -0.15006637573242188, -0.14074385166168213, -0.13142132759094238, -0.12209880352020264, -0.11277627944946289, -0.10345375537872314, -0.0941312313079834, -0.08480870723724365, -0.0754861831665039, -0.06616365909576416, -0.056841135025024414, -0.04751861095428467, -0.03819608688354492, -0.028873562812805176, -0.01955103874206543, -0.010228514671325684, -0.0009059906005859375, 0.008416533470153809, 0.017739057540893555, 0.0270615816116333, 0.03638410568237305, 0.04570662975311279, 0.05502915382385254, 0.06435167789459229, 0.07367420196533203, 0.08299672603607178, 0.09231925010681152, 0.10164177417755127, 0.11096429824829102, 0.12028682231903076, 0.1296093463897705, 0.13893187046051025, 0.14825439453125, 0.15757691860198975, 0.1668994426727295, 0.17622196674346924, 0.18554449081420898, 0.19486701488494873, 0.20418953895568848, 0.21351206302642822, 0.22283458709716797, 0.23215711116790771, 0.24147963523864746, 0.2508021593093872, 0.26012468338012695, 0.2694472074508667, 0.27876973152160645, 0.2880922555923462, 0.29741477966308594]}, "parameters/model.lstm.bias_ih_l0": {"_type": "histogram", "values": [3.0, 2.0, 0.0, 1.0, 1.0, 1.0, 1.0, 1.0, 1.0, 0.0, 0.0, 1.0, 3.0, 2.0, 1.0, 1.0, 1.0, 2.0, 0.0, 0.0, 1.0, 0.0, 1.0, 0.0, 1.0, 0.0, 2.0, 0.0, 0.0, 0.0, 0.0, 2.0, 0.0, 1.0, 0.0, 0.0, 0.0, 1.0, 1.0, 1.0, 0.0, 2.0, 0.0, 2.0, 2.0, 0.0, 0.0, 0.0, 0.0, 0.0, 0.0, 0.0, 0.0, 2.0, 0.0, 1.0, 1.0, 0.0, 0.0, 2.0, 2.0, 0.0, 0.0, 1.0], "bins": [-0.27106645703315735, -0.26215800642967224, -0.25324955582618713, -0.24434112012386322, -0.2354326695203781, -0.226524218916893, -0.2176157832145691, -0.20870733261108398, -0.19979888200759888, -0.19089043140411377, -0.18198198080062866, -0.17307354509830475, -0.16416509449481964, -0.15525664389133453, -0.14634820818901062, -0.1374397575855255, -0.1285313069820404, -0.1196228563785553, -0.11071441322565079, -0.10180597007274628, -0.09289751946926117, -0.08398906886577606, -0.07508062571287155, -0.06617218255996704, -0.057263731956481934, -0.048355285078287125, -0.039446838200092316, -0.030538391321897507, -0.021629944443702698, -0.012721497565507889, -0.00381305068731308, 0.005095396190881729, 0.014003843069076538, 0.022912289947271347, 0.031820736825466156, 0.040729183703660965, 0.049637630581855774, 0.05854607746005058, 0.06745452433824539, 0.0763629674911499, 0.08527141809463501, 0.09417986869812012, 0.10308831185102463, 0.11199675500392914, 0.12090520560741425, 0.12981365621089935, 0.13872209191322327, 0.14763054251670837, 0.15653899312019348, 0.1654474437236786, 0.1743558943271637, 0.1832643300294876, 0.19217278063297272, 0.20108123123645782, 0.20998966693878174, 0.21889811754226685, 0.22780656814575195, 0.23671501874923706, 0.24562346935272217, 0.2545319199562073, 0.2634403705596924, 0.2723487913608551, 0.2812572419643402, 0.2901656925678253, 0.2990741431713104]}, "parameters/model.lstm.bias_hh_l0": {"_type": "histogram", "values": [1.0, 0.0, 0.0, 1.0, 0.0, 1.0, 0.0, 1.0, 1.0, 2.0, 1.0, 1.0, 1.0, 2.0, 0.0, 1.0, 0.0, 0.0, 1.0, 4.0, 1.0, 2.0, 0.0, 1.0, 0.0, 2.0, 1.0, 0.0, 0.0, 0.0, 1.0, 1.0, 1.0, 1.0, 0.0, 0.0, 1.0, 1.0, 2.0, 2.0, 0.0, 0.0, 0.0, 0.0, 1.0, 1.0, 1.0, 2.0, 0.0, 1.0, 0.0, 0.0, 0.0, 1.0, 0.0, 0.0, 0.0, 2.0, 0.0, 1.0, 1.0, 1.0, 0.0, 1.0], "bins": [-0.2983942925930023, -0.28908827900886536, -0.2797822952270508, -0.2704762816429138, -0.26117029786109924, -0.2518642842769623, -0.2425583004951477, -0.23325228691101074, -0.22394630312919617, -0.2146403044462204, -0.20533430576324463, -0.19602830708026886, -0.1867223083972931, -0.17741630971431732, -0.16811031103134155, -0.1588042974472046, -0.14949829876422882, -0.14019230008125305, -0.13088630139827728, -0.12158030271530151, -0.11227430403232574, -0.10296830534934998, -0.09366229921579361, -0.08435630053281784, -0.07505029439926147, -0.0657442957162857, -0.056438297033309937, -0.04713229462504387, -0.0378262959420681, -0.02852029725909233, -0.019214294850826263, -0.009908296167850494, -0.0006023049354553223, 0.008703694678843021, 0.018009694293141365, 0.027315694838762283, 0.03662169352173805, 0.04592769220471382, 0.05523369461297989, 0.06453969329595566, 0.07384568452835083, 0.0831516832113266, 0.09245768189430237, 0.10176368057727814, 0.1110696792602539, 0.12037567794322968, 0.12968167662620544, 0.1389876902103424, 0.14829368889331818, 0.15759968757629395, 0.16690568625926971, 0.17621168494224548, 0.18551768362522125, 0.19482368230819702, 0.20412969589233398, 0.21343567967414856, 0.22274169325828552, 0.2320476919412613, 0.24135369062423706, 0.250659704208374, 0.2599656879901886, 0.26927170157432556, 0.27857768535614014, 0.2878836989402771, 0.2971896827220917]}, "parameters/model.fc.weight": {"_type": "histogram", "values": [1.0, 0.0, 0.0, 0.0, 1.0, 0.0, 0.0, 0.0, 0.0, 0.0, 0.0, 0.0, 1.0, 0.0, 0.0, 1.0, 0.0, 1.0, 0.0, 0.0, 0.0, 1.0, 1.0, 0.0, 0.0, 0.0, 0.0, 0.0, 0.0, 0.0, 1.0, 0.0, 0.0, 0.0, 0.0, 1.0, 0.0, 0.0, 0.0, 0.0, 0.0, 0.0, 0.0, 0.0, 0.0, 0.0, 0.0, 0.0, 0.0, 0.0, 0.0, 0.0, 1.0, 0.0, 0.0, 0.0, 0.0, 0.0, 0.0, 0.0, 1.0, 0.0, 0.0, 1.0],