{"parameters/model.lstm.weight_ih_l0": {"_type": "histogram", "values": [6.0, 6.0, 6.0, 9.0, 2.0, 4.0, 5.0, 4.0, 2.0, 1.0, 10.0, 9.0, 5.0, 2.0, 9.0, 8.0, 5.0, 5.0, 6.0, 10.0, 4.0, 11.0, 4.0, 8.0, 7.0, 4.0, 4.0, 2.0, 6.0, 3.0, 8.0, 1.0, 10.0, 7.0, 7.0, 6.0, 6.0, 2.0, 8.0, 7.0, 8.0, 3.0, 5.0, 8.0, 5.0, 6.0, 4.0, 9.0, 3.0, 9.0, 8.0, 7.0, 6.0, 11.0, 7.0, 9.0, 7.0, 6.0, 6.0, 6.0, 6.0, 5.0, 5.0, 6.0], "bins": [-0.28836241364479065, -0.2793736457824707, -0.27038484811782837, -0.2613960802555084, -0.2524072825908661, -0.24341851472854614, -0.234429731965065, -0.22544094920158386, -0.21645218133926392, -0.20746339857578278, -0.19847461581230164, -0.1894858479499817, -0.18049706518650055, -0.1715082824230194, -0.16251949965953827, -0.15353071689605713, -0.144541934132576, -0.13555315136909485, -0.1265643686056137, -0.11757559329271317, -0.10858681797981262, -0.09959803521633148, -0.09060925245285034, -0.0816204771399498, -0.07263168692588806, -0.06364290416240692, -0.05465412884950638, -0.04566534608602524, -0.036676567047834396, -0.027687788009643555, -0.018699005246162415, -0.009710229933261871, -0.0007214546203613281, 0.008267325349152088, 0.017256105318665504, 0.026244886219501495, 0.03523366525769234, 0.04422244429588318, 0.05321122705936432, 0.06220000237226486, 0.0711887776851654, 0.08017756044864655, 0.08916633576154709, 0.09815511852502823, 0.10714389383792877, 0.11613267660140991, 0.12512145936489105, 0.1341102421283722, 0.14309902489185333, 0.15208780765533447, 0.1610765904188156, 0.17006537318229675, 0.1790541410446167, 0.18804292380809784, 0.19703170657157898, 0.20602047443389893, 0.21500927209854126, 0.2239980548620224, 0.23298683762550354, 0.2419756054878235, 0.2509644031524658, 0.25995317101478577, 0.2689419388771057, 0.27793073654174805, 0.286919504404068]}, "parameters/model.lstm.weight_hh_l0": {"_type": "histogram", "values": [12.0, 10.0, 8.0, 17.0, 9.0, 5.0, 9.0, 8.0, 11.0, 9.0, 6.0, 7.0, 13.0, 9.0, 5.0, 10.0, 8.0, 12.0, 11.0, 7.0, 7.0, 7.0, 7.0, 6.0, 8.0, 9.0, 11.0, 5.0, 7.0, 11.0, 9.0, 9.0, 12.0, 15.0, 8.0, 7.0, 9.0, 10.0, 10.0, 9.0, 7.0, 8.0, 3.0, 17.0, 5.0, 14.0, 8.0, 4.0, 14.0, 12.0, 7.0, 5.0, 9.0, 9.0, 10.0, 9.0, 12.0, 10.0, 5.0, 10.0, 7.0, 8.0, 8.0, 13.0], "bins": [-0.2877296507358551, -0.27873679995536804, -0.2697439193725586, -0.26075106859207153, -0.2517581880092621, -0.24276533722877502, -0.23377247154712677, -0.22477960586547852, -0.21578674018383026, -0.206793874502182, -0.19780100882053375, -0.1888081431388855, -0.17981529235839844, -0.170822411775589, -0.16182956099510193, -0.15283669531345367, -0.14384382963180542, -0.13485096395015717, -0.1258580982685089, -0.11686524003744125, -0.107872374355793, -0.09887950867414474, -0.08988665044307709, -0.08089378476142883, -0.07190091907978058, -0.06290805339813232, -0.05391519144177437, -0.04492232948541641, -0.03592946380376816, -0.026936598122119904, -0.017943736165761948, -0.008950874209403992, 4.202127456665039e-05, 0.009034885093569756, 0.01802774891257286, 0.027020612731575966, 0.03601347655057907, 0.045006342232227325, 0.05399920418858528, 0.06299206614494324, 0.07198493182659149, 0.08097779750823975, 0.089970663189888, 0.09896352142095566, 0.10795638710260391, 0.11694925278425217, 0.12594211101531982, 0.13493497669696808, 0.14392784237861633, 0.1529207080602646, 0.16191357374191284, 0.1709064394235611, 0.17989930510520935, 0.1888921558856964, 0.19788502156734467, 0.20687788724899292, 0.21587075293064117, 0.22486361861228943, 0.23385648429393768, 0.24284934997558594, 0.251842200756073, 0.26083508133888245, 0.2698279321193695, 0.27882081270217896, 0.287813663482666]}, "parameters/model.lstm.bias_ih_l0": {"_type": "histogram", "values": [2.0, 0.0, 1.0, 0.0, 0.0, 1.0, 0.0, 2.0, 0.0, 0.0, 0.0, 2.0, 1.0, 1.0, 2.0, 2.0, 2.0, 0.0, 1.0, 0.0, 0.0, 0.0, 0.0, 1.0, 1.0, 1.0, 3.0, 0.0, 1.0, 0.0, 0.0, 1.0, 0.0, 0.0, 0.0, 1.0, 1.0, 1.0, 1.0, 0.0, 2.0, 1.0, 1.0, 1.0, 1.0, 0.0, 3.0, 0.0, 1.0, 1.0, 0.0, 1.0, 1.0, 0.0, 0.0, 2.0, 0.0, 1.0, 1.0, 1.0, 0.0, 0.0, 0.0, 1.0], "bins": [-0.28826671838760376, -0.27950671315193176, -0.2707466781139374, -0.2619866728782654, -0.2532266676425934, -0.2444666475057602, -0.235706627368927, -0.226946622133255, -0.21818660199642181, -0.20942658185958862, -0.20066657662391663, -0.19190655648708344, -0.18314653635025024, -0.17438653111457825, -0.16562651097774506, -0.15686649084091187, -0.14810648560523987, -0.13934646546840668, -0.13058646023273468, -0.12182644009590149, -0.1130664274096489, -0.1043064147233963, -0.09554639458656311, -0.08678638190031052, -0.07802636921405792, -0.06926635652780533, -0.060506340116262436, -0.05174632370471954, -0.04298631101846695, -0.034226298332214355, -0.025466281920671463, -0.01670626550912857, -0.007946252822875977, 0.0008137617260217667, 0.00957377627491951, 0.018333790823817253, 0.027093805372714996, 0.03585381805896759, 0.04461383447051048, 0.053373850882053375, 0.06213386356830597, 0.07089387625455856, 0.07965388894081116, 0.08841390907764435, 0.09717392176389694, 0.10593393445014954, 0.11469395458698273, 0.12345396727323532, 0.13221397995948792, 0.1409740000963211, 0.1497340053319931, 0.1584940254688263, 0.1672540307044983, 0.17601405084133148, 0.18477407097816467, 0.19353407621383667, 0.20229409635066986, 0.21105411648750305, 0.21981412172317505, 0.22857414186000824, 0.23733416199684143, 0.24609416723251343, 0.2548541724681854, 0.2636142075061798, 0.2723742127418518]}, "parameters/model.lstm.bias_hh_l0": {"_type": "histogram", "values": [2.0, 1.0, 1.0, 1.0, 1.0, 1.0, 0.0, 1.0, 0.0, 0.0, 0.0, 0.0, 0.0, 1.0, 0.0, 0.0, 2.0, 0.0, 1.0, 1.0, 2.0, 1.0, 0.0, 0.0, 2.0, 0.0, 0.0, 0.0, 0.0, 1.0, 1.0, 1.0, 1.0, 2.0, 0.0, 1.0, 0.0, 0.0, 1.0, 1.0, 0.0, 0.0, 1.0, 3.0, 1.0, 0.0, 2.0, 2.0, 0.0, 0.0, 1.0, 0.0, 0.0, 4.0, 0.0, 3.0, 0.0, 0.0, 0.0, 0.0, 0.0, 2.0, 1.0, 1.0], "bins": [-0.25373828411102295, -0.24544212222099304, -0.23714596033096313, -0.22884979844093323, -0.22055363655090332, -0.2122574746608734, -0.2039612978696823, -0.1956651359796524, -0.1873689740896225, -0.1790728121995926, -0.17077665030956268, -0.16248048841953278, -0.15418431162834167, -0.14588814973831177, -0.13759198784828186, -0.12929582595825195, -0.12099966406822205, -0.11270350217819214, -0.10440734028816223, -0.09611117094755173, -0.08781500905752182, -0.07951884716749191, -0.07122267782688141, -0.0629265159368515, -0.054630354046821594, -0.04633419215679169, -0.03803802654147148, -0.029741862788796425, -0.02144569903612137, -0.013149537146091461, -0.0048533715307712555, 0.00344279408454895, 0.01173892617225647, 0.020035089924931526, 0.028331253677606583, 0.03662741929292679, 0.044923581182956696, 0.0532197430729866, 0.06151590868830681, 0.06981207430362701, 0.07810823619365692, 0.08640439808368683, 0.09470055997371674, 0.10299672931432724, 0.11129289120435715, 0.11958905309438705, 0.12788522243499756, 0.13618138432502747, 0.14447754621505737, 0.15277370810508728, 0.1610698699951172, 0.1693660318851471, 0.177662193775177, 0.1859583556652069, 0.194254532456398, 0.20255069434642792, 0.21084685623645782, 0.21914301812648773, 0.22743918001651764, 0.23573534190654755, 0.24403151869773865, 0.25232768058776855, 0.26062384247779846, 0.26892000436782837, 0.2772161662578583]}, "parameters/model.fc.weight": {"_type": "histogram", "values": [1.0, 0.0, 0.0, 0.0, 0.0, 0.0, 0.0, 0.0, 0.0, 1.0, 0.0, 0.0, 0.0, 0.0, 0.0, 1.0, 0.0, 0.0, 0.0, 0.0, 1.0, 0.0, 0.0, 0.0, 0.0, 0.0, 0.0, 1.0, 0.0, 1.0, 0.0, 1.0, 0.0, 0.0, 0.0, 0.0, 0.0, 0.0, 0.0, 0.0, 0.0, 0.0, 1.0, 0.0, 0.0, 0.0, 0.0, 0.0, 0.0, 0.0, 0.0, 1.0, 2.0, 0.0, 0.0, 0.0, 0.0, 0.0, 0.0, 0.0, 0.0, 0.0, 0.0, 1.0],