{"parameters/model.lstm.weight_ih_l0": {"_type": "histogram", "values": [6.0, 5.0, 8.0, 5.0, 4.0, 9.0, 9.0, 7.0, 7.0, 8.0, 6.0, 6.0, 6.0, 12.0, 5.0, 2.0, 4.0, 5.0, 6.0, 5.0, 2.0, 8.0, 7.0, 8.0, 7.0, 4.0, 5.0, 10.0, 8.0, 8.0, 4.0, 4.0, 7.0, 3.0, 4.0, 6.0, 6.0, 4.0, 2.0, 5.0, 5.0, 7.0, 3.0, 6.0, 9.0, 3.0, 9.0, 8.0, 5.0, 12.0, 9.0, 9.0, 4.0, 3.0, 11.0, 4.0, 4.0, 3.0, 1.0, 6.0, 5.0, 6.0, 9.0, 6.0], "bins": [-0.28939566016197205, -0.2803337574005127, -0.27127188444137573, -0.2622099816799164, -0.25314807891845703, -0.24408617615699768, -0.23502428829669952, -0.22596240043640137, -0.21690049767494202, -0.20783859491348267, -0.1987767070531845, -0.18971481919288635, -0.180652916431427, -0.17159101366996765, -0.1625291258096695, -0.15346723794937134, -0.144405335187912, -0.13534343242645264, -0.12628154456615448, -0.11721964925527573, -0.10815775394439697, -0.09909585863351822, -0.09003396332263947, -0.08097206801176071, -0.07191017270088196, -0.0628482773900032, -0.05378638207912445, -0.0447244867682457, -0.03566259145736694, -0.02660069614648819, -0.017538800835609436, -0.008476905524730682, 0.0005849599838256836, 0.009646855294704437, 0.01870875060558319, 0.027770645916461945, 0.0368325412273407, 0.04589443653821945, 0.054956331849098206, 0.06401822715997696, 0.07308012247085571, 0.08214201778173447, 0.09120391309261322, 0.10026580840349197, 0.10932770371437073, 0.11838959902524948, 0.12745149433612823, 0.1365133821964264, 0.14557528495788574, 0.1546371877193451, 0.16369907557964325, 0.1727609634399414, 0.18182286620140076, 0.1908847689628601, 0.19994665682315826, 0.20900854468345642, 0.21807044744491577, 0.22713235020637512, 0.23619423806667328, 0.24525612592697144, 0.2543180286884308, 0.26337993144989014, 0.2724418044090271, 0.28150370717048645, 0.2905656099319458]}, "parameters/model.lstm.weight_hh_l0": {"_type": "histogram", "values": [1.0, 9.0, 7.0, 11.0, 5.0, 6.0, 6.0, 8.0, 11.0, 6.0, 10.0, 8.0, 10.0, 8.0, 8.0, 11.0, 10.0, 7.0, 12.0, 12.0, 12.0, 11.0, 8.0, 1.0, 9.0, 6.0, 15.0, 11.0, 9.0, 9.0, 9.0, 7.0, 12.0, 13.0, 9.0, 8.0, 10.0, 12.0, 8.0, 8.0, 6.0, 9.0, 16.0, 11.0, 11.0, 7.0, 10.0, 7.0, 12.0, 7.0, 9.0, 9.0, 10.0, 17.0, 11.0, 8.0, 9.0, 7.0, 9.0, 9.0, 8.0, 11.0, 8.0, 2.0], "bins": [-0.29191854596138, -0.28276896476745605, -0.2736194133758545, -0.26446983218193054, -0.255320280790329, -0.24617069959640503, -0.23702113330364227, -0.22787156701087952, -0.21872200071811676, -0.209572434425354, -0.20042286813259125, -0.1912733018398285, -0.18212372064590454, -0.17297416925430298, -0.16382458806037903, -0.15467502176761627, -0.14552545547485352, -0.13637588918209076, -0.127226322889328, -0.11807674914598465, -0.1089271828532219, -0.09977761656045914, -0.09062804281711578, -0.08147847652435303, -0.07232891023159027, -0.06317934393882751, -0.05402977392077446, -0.044880203902721405, -0.03573063760995865, -0.026581071317195892, -0.017431501299142838, -0.008281931281089783, 0.0008676052093505859, 0.010017173364758492, 0.019166741520166397, 0.028316309675574303, 0.03746587783098221, 0.046615444123744965, 0.05576501414179802, 0.06491458415985107, 0.07406415045261383, 0.08321371674537659, 0.09236328303813934, 0.1015128567814827, 0.11066242307424545, 0.11981198936700821, 0.12896156311035156, 0.13811112940311432, 0.14726069569587708, 0.15641026198863983, 0.1655598282814026, 0.17470939457416534, 0.1838589608669281, 0.19300854206085205, 0.2021581083536148, 0.21130767464637756, 0.22045724093914032, 0.22960680723190308, 0.23875637352466583, 0.2479059398174286, 0.25705552101135254, 0.2662050724029541, 0.27535465359687805, 0.284504234790802, 0.29365378618240356]}, "parameters/model.lstm.bias_ih_l0": {"_type": "histogram", "values": [1.0, 0.0, 0.0, 1.0, 0.0, 0.0, 1.0, 1.0, 0.0, 1.0, 1.0, 0.0, 0.0, 0.0, 1.0, 0.0, 2.0, 1.0, 1.0, 1.0, 3.0, 0.0, 1.0, 1.0, 0.0, 0.0, 0.0, 1.0, 2.0, 1.0, 1.0, 0.0, 1.0, 3.0, 1.0, 0.0, 0.0, 0.0, 1.0, 2.0, 0.0, 0.0, 0.0, 0.0, 0.0, 0.0, 1.0, 1.0, 4.0, 1.0, 0.0, 0.0, 2.0, 1.0, 0.0, 0.0, 2.0, 0.0, 0.0, 0.0, 2.0, 1.0, 2.0, 1.0], "bins": [-0.2668564021587372, -0.25838205218315125, -0.2499076873064041, -0.24143333733081818, -0.23295898735523224, -0.2244846224784851, -0.21601027250289917, -0.20753592252731323, -0.1990615725517273, -0.19058722257614136, -0.18211285769939423, -0.1736385077238083, -0.16516415774822235, -0.15668979287147522, -0.14821544289588928, -0.13974109292030334, -0.1312667280435562, -0.12279237061738968, -0.11431802064180374, -0.10584366321563721, -0.09736931324005127, -0.08889495581388474, -0.0804205983877182, -0.07194624841213226, -0.06347188353538513, -0.054997529834508896, -0.04652317613363266, -0.038048818707466125, -0.02957446500658989, -0.021100111305713654, -0.01262575387954712, -0.004151400178670883, 0.004322946071624756, 0.012797300703823566, 0.021271655336022377, 0.029746010899543762, 0.03822036460042, 0.046694718301296234, 0.05516907572746277, 0.0636434257030487, 0.07211777567863464, 0.08059213310480118, 0.08906648308038712, 0.09754084050655365, 0.10601519048213959, 0.11448954790830612, 0.12296390533447266, 0.1314382553100586, 0.13991262018680573, 0.14838697016239166, 0.1568613350391388, 0.16533568501472473, 0.17381003499031067, 0.1822843849658966, 0.19075874984264374, 0.19923309981822968, 0.2077074646949768, 0.21618181467056274, 0.22465617954730988, 0.2331305295228958, 0.24160487949848175, 0.2500792443752289, 0.2585535943508148, 0.26702794432640076, 0.2755022943019867]}, "parameters/model.lstm.bias_hh_l0": {"_type": "histogram", "values": [1.0, 0.0, 2.0, 1.0, 0.0, 1.0, 0.0, 1.0, 2.0, 1.0, 0.0, 1.0, 1.0, 2.0, 1.0, 1.0, 0.0, 1.0, 0.0, 0.0, 0.0, 0.0, 1.0, 0.0, 0.0, 0.0, 1.0, 1.0, 1.0, 2.0, 1.0, 0.0, 1.0, 1.0, 0.0, 2.0, 0.0, 0.0, 1.0, 1.0, 0.0, 1.0, 0.0, 2.0, 0.0, 0.0, 0.0, 1.0, 0.0, 0.0, 0.0, 0.0, 2.0, 0.0, 2.0, 1.0, 1.0, 0.0, 1.0, 1.0, 2.0, 0.0, 3.0, 2.0], "bins": [-0.29304614663124084, -0.2841716408729553, -0.2752971351146698, -0.2664226293563843, -0.25754812359809875, -0.24867363274097443, -0.2397991269826889, -0.23092462122440338, -0.22205013036727905, -0.21317562460899353, -0.204301118850708, -0.19542661309242249, -0.18655212223529816, -0.17767761647701263, -0.1688031107187271, -0.1599286049604416, -0.15105409920215607, -0.14217959344387054, -0.13330508768558502, -0.1244305893778801, -0.11555609107017517, -0.10668158531188965, -0.09780707955360413, -0.0889325737953186, -0.08005806803703308, -0.07118356227874756, -0.06230906397104263, -0.05343455821275711, -0.04456005617976189, -0.03568555414676666, -0.02681104838848114, -0.017936546355485916, -0.009062051773071289, -0.00018754880875349045, 0.008686954155564308, 0.01756145805120468, 0.026435960084199905, 0.03531046211719513, 0.04418496787548065, 0.053059469908475876, 0.0619339644908905, 0.07080847024917603, 0.07968296855688095, 0.08855747431516647, 0.0974319726228714, 0.10630647838115692, 0.11518098413944244, 0.12405548989772797, 0.1329299956560135, 0.141804501414299, 0.15067900717258453, 0.15955349802970886, 0.16842800378799438, 0.1773025095462799, 0.18617701530456543, 0.19505152106285095, 0.20392602682113647, 0.212800532579422, 0.22167503833770752, 0.23054954409599304, 0.23942403495311737, 0.2482985407114029, 0.2571730613708496, 0.26604753732681274, 0.27492204308509827]}, "parameters/model.fc.weight": {"_type": "histogram", "values": [1.0, 0.0, 0.0, 0.0, 0.0, 0.0, 0.0, 0.0, 0.0, 0.0, 0.0, 1.0, 0.0, 0.0, 0.0, 0.0, 1.0, 0.0, 1.0, 0.0, 0.0, 0.0, 0.0, 1.0, 0.0, 0.0, 0.0, 0.0, 0.0, 0.0, 0.0, 0.0, 0.0, 0.0, 0.0, 0.0, 0.0, 0.0, 1.0, 0.0, 1.0, 0.0, 1.0, 1.0, 0.0, 0.0, 0.0, 0.0, 0.0, 0.0, 0.0, 0.0, 0.0, 0.0, 0.0, 0.0, 0.0, 0.0, 1.0, 0.0, 1.0, 0.0, 0.0, 1.0],