{"parameters/model.lstm.weight_ih_l0": {"_type": "histogram", "values": [6.0, 2.0, 7.0, 1.0, 6.0, 6.0, 5.0, 5.0, 1.0, 8.0, 3.0, 3.0, 10.0, 7.0, 6.0, 11.0, 8.0, 6.0, 7.0, 6.0, 8.0, 6.0, 3.0, 5.0, 8.0, 5.0, 1.0, 9.0, 8.0, 9.0, 11.0, 5.0, 4.0, 7.0, 10.0, 7.0, 2.0, 5.0, 9.0, 4.0, 4.0, 5.0, 10.0, 4.0, 2.0, 3.0, 5.0, 6.0, 6.0, 9.0, 6.0, 6.0, 5.0, 5.0, 6.0, 4.0, 8.0, 7.0, 7.0, 6.0, 9.0, 8.0, 7.0, 6.0], "bins": [-0.2885150909423828, -0.27952978014945984, -0.27054446935653687, -0.2615591585636139, -0.2525738477706909, -0.24358852207660675, -0.23460319638252258, -0.2256178855895996, -0.21663257479667664, -0.20764726400375366, -0.1986619532108307, -0.18967662751674652, -0.18069131672382355, -0.17170600593090057, -0.1627206802368164, -0.15373536944389343, -0.14475005865097046, -0.13576474785804749, -0.1267794370651245, -0.11779411137104034, -0.10880880057811737, -0.0998234897851944, -0.09083817154169083, -0.08185285329818726, -0.07286754250526428, -0.06388223171234131, -0.05489691346883774, -0.045911598950624466, -0.036926284432411194, -0.027940969914197922, -0.01895565539598465, -0.009970337152481079, -0.0009850561618804932, 0.008000258356332779, 0.01698557287454605, 0.025970887392759323, 0.034956201910972595, 0.04394151642918587, 0.05292683094739914, 0.06191214919090271, 0.07089745998382568, 0.07988277077674866, 0.08886808902025223, 0.0978534072637558, 0.10683871805667877, 0.11582402884960175, 0.12480934709310532, 0.1337946653366089, 0.14277997612953186, 0.15176528692245483, 0.1607505977153778, 0.16973592340946198, 0.17872123420238495, 0.18770654499530792, 0.1966918706893921, 0.20567718148231506, 0.21466249227523804, 0.223647803068161, 0.23263311386108398, 0.24161843955516815, 0.25060373544692993, 0.2595890760421753, 0.26857438683509827, 0.27755969762802124, 0.2865450084209442]}, "parameters/model.lstm.weight_hh_l0": {"_type": "histogram", "values": [11.0, 5.0, 14.0, 7.0, 9.0, 12.0, 5.0, 13.0, 10.0, 9.0, 11.0, 8.0, 10.0, 6.0, 12.0, 8.0, 5.0, 9.0, 4.0, 10.0, 8.0, 12.0, 15.0, 9.0, 7.0, 7.0, 8.0, 6.0, 9.0, 9.0, 9.0, 5.0, 6.0, 12.0, 9.0, 5.0, 4.0, 9.0, 7.0, 6.0, 12.0, 7.0, 9.0, 16.0, 9.0, 7.0, 6.0, 8.0, 14.0, 9.0, 13.0, 11.0, 17.0, 14.0, 11.0, 10.0, 6.0, 8.0, 7.0, 8.0, 9.0, 7.0, 10.0, 8.0], "bins": [-0.2882576882839203, -0.27924707531929016, -0.2702364921569824, -0.2612258791923523, -0.25221526622772217, -0.24320468306541443, -0.2341940701007843, -0.22518347203731537, -0.21617287397384644, -0.2071622759103775, -0.19815167784690857, -0.18914106488227844, -0.1801304668188095, -0.17111986875534058, -0.16210925579071045, -0.15309865772724152, -0.14408805966377258, -0.13507746160030365, -0.12606686353683472, -0.11705625057220459, -0.10804565250873566, -0.09903505444526672, -0.0900244489312172, -0.08101384341716766, -0.07200324535369873, -0.0629926472902298, -0.05398204177618027, -0.044971439987421036, -0.035960838198661804, -0.026950236409902573, -0.01793963462114334, -0.008929029107093811, 8.156895637512207e-05, 0.009092170745134354, 0.018102772533893585, 0.027113374322652817, 0.03612397611141205, 0.04513457790017128, 0.05414517968893051, 0.06315578520298004, 0.07216638326644897, 0.08117698132991791, 0.09018758684396744, 0.09919819235801697, 0.1082087904214859, 0.11721938848495483, 0.12623000144958496, 0.1352405995130539, 0.14425119757652283, 0.15326179563999176, 0.1622723937034607, 0.17128300666809082, 0.18029360473155975, 0.1893042027950287, 0.1983148157596588, 0.20732541382312775, 0.21633601188659668, 0.2253466099500656, 0.23435720801353455, 0.24336782097816467, 0.2523784041404724, 0.26138901710510254, 0.27039963006973267, 0.2794102430343628, 0.28842082619667053]}, "parameters/model.lstm.bias_ih_l0": {"_type": "histogram", "values": [2.0, 0.0, 2.0, 1.0, 1.0, 3.0, 1.0, 0.0, 0.0, 0.0, 0.0, 0.0, 1.0, 1.0, 2.0, 0.0, 0.0, 2.0, 1.0, 0.0, 1.0, 1.0, 2.0, 0.0, 0.0, 0.0, 0.0, 1.0, 0.0, 1.0, 0.0, 0.0, 1.0, 1.0, 1.0, 0.0, 1.0, 0.0, 2.0, 0.0, 0.0, 3.0, 1.0, 1.0, 0.0, 0.0, 0.0, 0.0, 1.0, 2.0, 2.0, 2.0, 0.0, 1.0, 0.0, 1.0, 0.0, 1.0, 0.0, 1.0, 1.0, 0.0, 0.0, 2.0], "bins": [-0.2556467354297638, -0.24720929563045502, -0.23877185583114624, -0.23033441603183746, -0.2218969762325287, -0.2134595364332199, -0.20502209663391113, -0.19658465683460236, -0.18814721703529358, -0.1797097772359848, -0.17127233743667603, -0.16283489763736725, -0.15439745783805847, -0.1459600180387497, -0.13752257823944092, -0.12908513844013214, -0.12064769864082336, -0.11221025884151459, -0.10377281904220581, -0.09533537924289703, -0.08689793944358826, -0.07846049964427948, -0.0700230598449707, -0.061585620045661926, -0.05314818024635315, -0.04471074044704437, -0.036273300647735596, -0.02783586084842682, -0.019398421049118042, -0.010960981249809265, -0.0025235414505004883, 0.005913898348808289, 0.014351338148117065, 0.022788777947425842, 0.03122621774673462, 0.039663657546043396, 0.04810109734535217, 0.05653853714466095, 0.06497597694396973, 0.0734134167432785, 0.08185085654258728, 0.09028829634189606, 0.09872573614120483, 0.10716317594051361, 0.11560061573982239, 0.12403805553913116, 0.13247549533843994, 0.14091293513774872, 0.1493503749370575, 0.15778781473636627, 0.16622525453567505, 0.17466269433498383, 0.1831001341342926, 0.19153757393360138, 0.19997501373291016, 0.20841245353221893, 0.2168498933315277, 0.2252873331308365, 0.23372477293014526, 0.24216221272945404, 0.2505996525287628, 0.2590370774269104, 0.26747453212738037, 0.27591198682785034, 0.2843494117259979]}, "parameters/model.lstm.bias_hh_l0": {"_type": "histogram", "values": [2.0, 0.0, 1.0, 0.0, 0.0, 0.0, 0.0, 1.0, 0.0, 0.0, 0.0, 1.0, 1.0, 0.0, 0.0, 0.0, 1.0, 1.0, 2.0, 1.0, 1.0, 1.0, 1.0, 1.0, 0.0, 0.0, 1.0, 4.0, 0.0, 0.0, 0.0, 1.0, 2.0, 1.0, 2.0, 2.0, 0.0, 0.0, 0.0, 0.0, 0.0, 1.0, 0.0, 0.0, 1.0, 1.0, 0.0, 2.0, 0.0, 1.0, 0.0, 2.0, 1.0, 0.0, 0.0, 0.0, 0.0, 2.0, 2.0, 1.0, 1.0, 3.0, 1.0, 1.0], "bins": [-0.28404542803764343, -0.27560439705848694, -0.26716336607933044, -0.25872233510017395, -0.25028127431869507, -0.24184025824069977, -0.23339921236038208, -0.22495818138122559, -0.2165171504020691, -0.2080761194229126, -0.1996350884437561, -0.19119404256343842, -0.18275301158428192, -0.17431198060512543, -0.16587093472480774, -0.15742990374565125, -0.14898887276649475, -0.14054784178733826, -0.13210681080818176, -0.12366576492786407, -0.11522473394870758, -0.10678370296955109, -0.098342664539814, -0.0899016261100769, -0.08146059513092041, -0.07301956415176392, -0.06457852572202682, -0.05613749101758003, -0.04769645631313324, -0.03925542160868645, -0.030814386904239655, -0.022373352199792862, -0.01393231749534607, -0.005491282790899277, 0.002949751913547516, 0.011390786617994308, 0.0198318213224411, 0.028272856026887894, 0.036713890731334686, 0.04515492543578148, 0.05359596014022827, 0.062036994844675064, 0.07047802954912186, 0.07891906797885895, 0.08736009895801544, 0.09580112993717194, 0.10424216836690903, 0.11268320679664612, 0.12112423777580261, 0.1295652687549591, 0.1380062997341156, 0.1464473456144333, 0.15488837659358978, 0.16332940757274628, 0.17177045345306396, 0.18021148443222046, 0.18865251541137695, 0.19709354639053345, 0.20553457736968994, 0.21397562325000763, 0.22241665422916412, 0.23085768520832062, 0.2392987310886383, 0.2477397620677948, 0.2561807930469513]}, "parameters/model.fc.weight": {"_type": "histogram", "values": [1.0, 0.0, 0.0, 0.0, 0.0, 0.0, 0.0, 1.0, 0.0, 0.0, 0.0, 0.0, 3.0, 0.0, 0.0, 0.0, 0.0, 0.0, 0.0, 1.0, 0.0, 0.0, 0.0, 0.0, 0.0, 0.0, 0.0, 1.0, 0.0, 0.0, 0.0, 0.0, 0.0, 0.0, 0.0, 1.0, 0.0, 1.0, 0.0, 0.0, 0.0, 1.0, 0.0, 0.0, 0.0, 0.0, 0.0, 0.0, 0.0, 0.0, 0.0, 0.0, 0.0, 0.0, 0.0, 1.0, 0.0, 0.0, 0.0, 0.0, 0.0, 0.0, 0.0, 1.0],