{"parameters/model.lstm.weight_ih_l0": {"_type": "histogram", "values": [6.0, 10.0, 10.0, 7.0, 8.0, 3.0, 5.0, 8.0, 4.0, 5.0, 5.0, 2.0, 2.0, 6.0, 9.0, 5.0, 4.0, 6.0, 5.0, 6.0, 6.0, 4.0, 6.0, 7.0, 7.0, 10.0, 6.0, 4.0, 6.0, 6.0, 3.0, 5.0, 7.0, 9.0, 10.0, 10.0, 6.0, 5.0, 6.0, 11.0, 3.0, 3.0, 5.0, 5.0, 10.0, 4.0, 3.0, 5.0, 3.0, 4.0, 5.0, 8.0, 6.0, 6.0, 6.0, 2.0, 3.0, 6.0, 9.0, 9.0, 4.0, 8.0, 7.0, 10.0], "bins": [-0.28822046518325806, -0.279230535030365, -0.27024057507514954, -0.26125064492225647, -0.2522607147693634, -0.24327076971530914, -0.23428082466125488, -0.22529089450836182, -0.21630094945430756, -0.2073110044002533, -0.19832107424736023, -0.18933112919330597, -0.1803411841392517, -0.17135125398635864, -0.16236130893230438, -0.15337136387825012, -0.14438143372535706, -0.1353914886713028, -0.12640155851840973, -0.11741161346435547, -0.1084216758608818, -0.09943173825740814, -0.09044179320335388, -0.08145185559988022, -0.07246191799640656, -0.06347198039293289, -0.05448203906416893, -0.04549209773540497, -0.036502160131931305, -0.02751222252845764, -0.01852228119969368, -0.009532339870929718, -0.0005424320697784424, 0.00844750739634037, 0.017437446862459183, 0.026427386328577995, 0.03541732579469681, 0.04440726339817047, 0.05339720472693443, 0.062387146055698395, 0.07137708365917206, 0.08036702126264572, 0.08935695886611938, 0.09834690392017365, 0.10733684152364731, 0.11632677912712097, 0.12531672418117523, 0.1343066692352295, 0.14329659938812256, 0.15228654444217682, 0.16127647459506989, 0.17026641964912415, 0.1792563498020172, 0.18824629485607147, 0.19723623991012573, 0.2062261700630188, 0.21521611511707306, 0.22420606017112732, 0.23319599032402039, 0.24218593537807465, 0.2511758804321289, 0.260165810585022, 0.26915574073791504, 0.2781457006931305, 0.28713563084602356]}, "parameters/model.lstm.weight_hh_l0": {"_type": "histogram", "values": [13.0, 6.0, 13.0, 7.0, 8.0, 15.0, 7.0, 5.0, 12.0, 11.0, 6.0, 8.0, 15.0, 9.0, 9.0, 8.0, 10.0, 5.0, 8.0, 7.0, 8.0, 8.0, 9.0, 9.0, 12.0, 7.0, 5.0, 11.0, 14.0, 7.0, 10.0, 9.0, 7.0, 7.0, 8.0, 11.0, 8.0, 4.0, 13.0, 10.0, 13.0, 11.0, 8.0, 10.0, 9.0, 13.0, 10.0, 11.0, 10.0, 7.0, 9.0, 6.0, 10.0, 9.0, 7.0, 7.0, 9.0, 6.0, 6.0, 10.0, 6.0, 8.0, 16.0, 6.0], "bins": [-0.2881447374820709, -0.27913522720336914, -0.27012571692466736, -0.2611162066459656, -0.2521066963672638, -0.243097186088562, -0.23408767580986023, -0.22507816553115845, -0.21606865525245667, -0.20705914497375488, -0.1980496346950531, -0.18904012441635132, -0.18003061413764954, -0.17102110385894775, -0.16201159358024597, -0.1530020833015442, -0.1439925730228424, -0.13498306274414062, -0.12597355246543884, -0.11696404218673706, -0.10795453190803528, -0.0989450216293335, -0.08993551135063171, -0.08092600107192993, -0.07191649079322815, -0.06290698051452637, -0.053897470235824585, -0.0448879599571228, -0.03587844967842102, -0.02686893939971924, -0.017859429121017456, -0.008849918842315674, 0.0001596212387084961, 0.009169131517410278, 0.01817864179611206, 0.027188152074813843, 0.036197662353515625, 0.04520717263221741, 0.05421668291091919, 0.06322619318962097, 0.07223570346832275, 0.08124521374702454, 0.09025472402572632, 0.0992642343044281, 0.10827374458312988, 0.11728325486183167, 0.12629276514053345, 0.13530227541923523, 0.144311785697937, 0.1533212959766388, 0.16233080625534058, 0.17134031653404236, 0.18034982681274414, 0.18935933709144592, 0.1983688473701477, 0.2073783576488495, 0.21638786792755127, 0.22539737820625305, 0.23440688848495483, 0.24341639876365662, 0.2524259090423584, 0.2614354193210602, 0.27044492959976196, 0.27945443987846375, 0.2884639501571655]}, "parameters/model.lstm.bias_ih_l0": {"_type": "histogram", "values": [2.0, 0.0, 2.0, 0.0, 0.0, 0.0, 1.0, 0.0, 0.0, 0.0, 0.0, 1.0, 2.0, 1.0, 0.0, 0.0, 1.0, 1.0, 1.0, 1.0, 2.0, 0.0, 1.0, 1.0, 2.0, 1.0, 3.0, 3.0, 1.0, 1.0, 3.0, 1.0, 0.0, 2.0, 0.0, 0.0, 0.0, 0.0, 1.0, 0.0, 0.0, 1.0, 0.0, 0.0, 0.0, 0.0, 0.0, 0.0, 1.0, 1.0, 0.0, 2.0, 1.0, 1.0, 0.0, 1.0, 0.0, 0.0, 0.0, 0.0, 0.0, 2.0, 1.0, 2.0], "bins": [-0.2744675874710083, -0.2659034729003906, -0.25733935832977295, -0.24877527356147766, -0.24021115899085999, -0.2316470444202423, -0.22308294475078583, -0.21451884508132935, -0.20595473051071167, -0.197390615940094, -0.1888265162706375, -0.18026241660118103, -0.17169830203056335, -0.16313418745994568, -0.1545700877904892, -0.14600598812103271, -0.13744187355041504, -0.12887775897979736, -0.12031365931034088, -0.1117495521903038, -0.10318544507026672, -0.09462133795022964, -0.08605723083019257, -0.07749312371015549, -0.06892901659011841, -0.06036490947008133, -0.05180080235004425, -0.04323669523000717, -0.03467258810997009, -0.026108480989933014, -0.017544373869895935, -0.008980266749858856, -0.00041618943214416504, 0.008147917687892914, 0.016712024807929993, 0.02527613192796707, 0.03384023904800415, 0.04240434616804123, 0.05096845328807831, 0.05953256040811539, 0.06809666752815247, 0.07666077464818954, 0.08522488176822662, 0.0937889888882637, 0.10235309600830078, 0.11091720312833786, 0.11948131024837494, 0.12804540991783142, 0.1366095244884491, 0.14517363905906677, 0.15373773872852325, 0.16230183839797974, 0.1708659529685974, 0.1794300675392151, 0.18799416720867157, 0.19655826687812805, 0.20512238144874573, 0.2136864960193634, 0.22225059568881989, 0.23081469535827637, 0.23937880992889404, 0.24794292449951172, 0.2565070390701294, 0.2650711238384247, 0.27363523840904236]}, "parameters/model.lstm.bias_hh_l0": {"_type": "histogram", "values": [3.0, 1.0, 1.0, 2.0, 0.0, 0.0, 1.0, 0.0, 0.0, 3.0, 2.0, 1.0, 0.0, 0.0, 1.0, 0.0, 1.0, 0.0, 1.0, 1.0, 0.0, 2.0, 1.0, 0.0, 2.0, 0.0, 0.0, 1.0, 1.0, 0.0, 1.0, 2.0, 0.0, 0.0, 1.0, 0.0, 3.0, 1.0, 0.0, 0.0, 1.0, 0.0, 1.0, 0.0, 1.0, 0.0, 1.0, 0.0, 1.0, 0.0, 0.0, 0.0, 1.0, 3.0, 0.0, 0.0, 2.0, 0.0, 1.0, 1.0, 1.0, 0.0, 0.0, 1.0], "bins": [-0.27654117345809937, -0.2677105963230133, -0.25888004899024963, -0.2500494718551636, -0.2412189096212387, -0.23238834738731384, -0.22355778515338898, -0.2147272229194641, -0.20589664578437805, -0.19706608355045319, -0.18823552131652832, -0.17940494418144226, -0.1705743819475174, -0.16174381971359253, -0.15291325747966766, -0.1440826952457428, -0.13525213301181793, -0.12642157077789307, -0.1175910010933876, -0.10876043885946274, -0.09992986917495728, -0.09109930694103241, -0.08226874470710754, -0.07343818247318268, -0.06460762023925781, -0.05577705428004265, -0.046946488320827484, -0.03811592608690262, -0.029285360127687454, -0.02045479416847229, -0.011624231934547424, -0.00279366597533226, 0.006036907434463501, 0.01486747246235609, 0.02369803749024868, 0.032528601586818695, 0.04135916754603386, 0.05018973350524902, 0.05902029573917389, 0.06785085797309875, 0.07668143510818481, 0.08551199734210968, 0.09434256702661514, 0.10317312926054001, 0.11200369894504547, 0.12083426117897034, 0.1296648234128952, 0.13849538564682007, 0.14732594788074493, 0.1561565101146698, 0.16498707234859467, 0.17381763458251953, 0.1826482117176056, 0.19147877395153046, 0.20030933618545532, 0.2091398984193802, 0.21797046065330505, 0.22680102288722992, 0.23563158512115479, 0.24446216225624084, 0.2532927095890045, 0.2621232867240906, 0.27095383405685425, 0.2797844111919403, 0.28861498832702637]}, "parameters/model.fc.weight": {"_type": "histogram", "values": [1.0, 0.0, 0.0, 0.0, 0.0, 0.0, 0.0, 0.0, 0.0, 0.0, 0.0, 0.0, 0.0, 1.0, 0.0, 0.0, 0.0, 0.0, 0.0, 0.0, 0.0, 0.0, 0.0, 0.0, 0.0, 0.0, 0.0, 0.0, 0.0, 1.0, 0.0, 0.0, 2.0, 0.0, 0.0, 0.0, 2.0, 0.0, 0.0, 0.0, 0.0, 0.0, 1.0, 0.0, 0.0, 0.0, 0.0, 0.0, 0.0, 0.0, 0.0, 0.0, 1.0, 0.0, 0.0, 0.0, 0.0, 1.0, 0.0, 0.0, 0.0, 0.0, 1.0, 1.0],