{"parameters/model.lstm.weight_ih_l0": {"_type": "histogram", "values": [12.0, 4.0, 2.0, 7.0, 8.0, 7.0, 8.0, 4.0, 3.0, 4.0, 4.0, 5.0, 3.0, 9.0, 1.0, 7.0, 4.0, 7.0, 6.0, 6.0, 8.0, 7.0, 3.0, 8.0, 5.0, 6.0, 4.0, 7.0, 6.0, 4.0, 7.0, 6.0, 10.0, 5.0, 3.0, 8.0, 9.0, 11.0, 7.0, 6.0, 7.0, 4.0, 9.0, 3.0, 4.0, 8.0, 8.0, 8.0, 4.0, 4.0, 7.0, 5.0, 5.0, 4.0, 6.0, 8.0, 5.0, 8.0, 8.0, 7.0, 4.0, 6.0, 5.0, 6.0], "bins": [-0.28778666257858276, -0.27879083156585693, -0.2697950005531311, -0.2607991695404053, -0.25180333852767944, -0.2428075075149536, -0.2338116616010666, -0.22481583058834076, -0.21581999957561493, -0.2068241685628891, -0.19782833755016327, -0.18883250653743744, -0.17983666062355042, -0.17084082961082458, -0.16184499859809875, -0.15284916758537292, -0.1438533365726471, -0.13485750555992126, -0.12586167454719543, -0.11686583608388901, -0.10787000507116318, -0.09887417405843735, -0.08987833559513092, -0.08088250458240509, -0.07188667356967926, -0.06289084255695343, -0.0538950078189373, -0.04489917308092117, -0.03590334206819534, -0.026907511055469513, -0.017911676317453384, -0.008915841579437256, 7.995963096618652e-05, 0.009075792506337166, 0.018071625381708145, 0.027067458257079124, 0.036063291132450104, 0.045059122145175934, 0.05405495688319206, 0.06305079162120819, 0.07204662263393402, 0.08104245364665985, 0.09003828465938568, 0.09903412312269211, 0.10802995413541794, 0.11702578514814377, 0.1260216236114502, 0.13501745462417603, 0.14401328563690186, 0.15300911664962769, 0.16200494766235352, 0.17100077867507935, 0.17999660968780518, 0.188992440700531, 0.19798828661441803, 0.20698411762714386, 0.2159799486398697, 0.22497577965259552, 0.23397161066532135, 0.24296744167804718, 0.2519632875919342, 0.26095911860466003, 0.26995494961738586, 0.2789507806301117, 0.2879466116428375]}, "parameters/model.lstm.weight_hh_l0": {"_type": "histogram", "values": [11.0, 7.0, 7.0, 6.0, 9.0, 13.0, 7.0, 8.0, 11.0, 10.0, 5.0, 14.0, 14.0, 10.0, 12.0, 11.0, 12.0, 13.0, 10.0, 12.0, 12.0, 8.0, 9.0, 9.0, 8.0, 9.0, 8.0, 10.0, 8.0, 6.0, 7.0, 9.0, 14.0, 6.0, 4.0, 6.0, 7.0, 11.0, 14.0, 12.0, 5.0, 3.0, 12.0, 11.0, 9.0, 11.0, 4.0, 5.0, 9.0, 12.0, 11.0, 7.0, 13.0, 5.0, 4.0, 6.0, 5.0, 10.0, 6.0, 9.0, 9.0, 7.0, 10.0, 14.0], "bins": [-0.2864282429218292, -0.2774637043476105, -0.26849913597106934, -0.2595345973968506, -0.25057002902030945, -0.2416054904460907, -0.23264093697071075, -0.2236763834953308, -0.21471183001995087, -0.20574727654457092, -0.19678272306919098, -0.18781816959381104, -0.17885363101959229, -0.16988906264305115, -0.1609245240688324, -0.15195997059345245, -0.1429954171180725, -0.13403086364269257, -0.12506631016731262, -0.11610176414251328, -0.10713721066713333, -0.09817265719175339, -0.08920811116695404, -0.0802435576915741, -0.07127900421619415, -0.06231445074081421, -0.053349900990724564, -0.04438535124063492, -0.035420797765254974, -0.02645624428987503, -0.017491694539785385, -0.00852714478969574, 0.0004374086856842041, 0.009401960298418999, 0.018366511911153793, 0.027331063523888588, 0.03629561513662338, 0.045260168612003326, 0.05422471836209297, 0.06318926811218262, 0.07215382158756256, 0.0811183750629425, 0.09008292853832245, 0.0990474745631218, 0.10801202803850174, 0.11697658151388168, 0.12594112753868103, 0.13490568101406097, 0.14387023448944092, 0.15283478796482086, 0.1617993414402008, 0.17076389491558075, 0.1797284483909607, 0.18869298696517944, 0.1976575404405594, 0.20662209391593933, 0.21558664739131927, 0.22455120086669922, 0.23351575434207916, 0.2424803078174591, 0.25144484639167786, 0.260409414768219, 0.26937395334243774, 0.2783384919166565, 0.28730306029319763]}, "parameters/model.lstm.bias_ih_l0": {"_type": "histogram", "values": [3.0, 1.0, 0.0, 0.0, 2.0, 0.0, 1.0, 0.0, 0.0, 1.0, 1.0, 0.0, 0.0, 1.0, 0.0, 1.0, 0.0, 1.0, 1.0, 1.0, 1.0, 0.0, 0.0, 1.0, 3.0, 1.0, 0.0, 2.0, 2.0, 0.0, 2.0, 0.0, 0.0, 0.0, 0.0, 0.0, 2.0, 0.0, 0.0, 2.0, 0.0, 1.0, 0.0, 2.0, 1.0, 1.0, 2.0, 0.0, 1.0, 1.0, 0.0, 0.0, 0.0, 1.0, 1.0, 0.0, 0.0, 1.0, 1.0, 1.0, 1.0, 1.0, 0.0, 2.0], "bins": [-0.28751155734062195, -0.2785962224006653, -0.269680917263031, -0.26076558232307434, -0.2518502473831177, -0.242934912443161, -0.23401959240436554, -0.22510427236557007, -0.2161889374256134, -0.20727360248565674, -0.19835828244686127, -0.1894429624080658, -0.18052762746810913, -0.17161229252815247, -0.162696972489357, -0.15378165245056152, -0.14486631751060486, -0.1359509825706482, -0.12703566253185272, -0.11812033504247665, -0.10920500755310059, -0.10028968006372452, -0.09137435257434845, -0.08245902508497238, -0.07354369759559631, -0.06462837010622025, -0.05571304261684418, -0.04679771512746811, -0.03788238763809204, -0.028967060148715973, -0.020051732659339905, -0.011136405169963837, -0.0022210776805877686, 0.0066942498087882996, 0.015609577298164368, 0.024524904787540436, 0.033440232276916504, 0.04235555976629257, 0.05127088725566864, 0.06018621474504471, 0.06910154223442078, 0.07801686972379684, 0.08693219721317291, 0.09584752470254898, 0.10476285219192505, 0.11367817968130112, 0.12259350717067719, 0.13150882720947266, 0.14042416214942932, 0.149339497089386, 0.15825481712818146, 0.16717013716697693, 0.1760854721069336, 0.18500080704689026, 0.19391612708568573, 0.2028314471244812, 0.21174678206443787, 0.22066211700439453, 0.22957743704319, 0.23849275708198547, 0.24740809202194214, 0.2563234269618988, 0.26523876190185547, 0.27415406703948975, 0.2830694019794464]}, "parameters/model.lstm.bias_hh_l0": {"_type": "histogram", "values": [1.0, 0.0, 1.0, 1.0, 1.0, 0.0, 1.0, 2.0, 2.0, 0.0, 0.0, 0.0, 2.0, 2.0, 0.0, 1.0, 0.0, 1.0, 1.0, 1.0, 0.0, 0.0, 0.0, 1.0, 1.0, 0.0, 0.0, 0.0, 1.0, 3.0, 1.0, 0.0, 0.0, 1.0, 1.0, 0.0, 1.0, 0.0, 2.0, 0.0, 0.0, 1.0, 2.0, 1.0, 0.0, 1.0, 0.0, 1.0, 1.0, 0.0, 0.0, 1.0, 2.0, 0.0, 3.0, 1.0, 1.0, 0.0, 0.0, 0.0, 1.0, 1.0, 0.0, 2.0], "bins": [-0.28834646940231323, -0.27976417541503906, -0.2711818814277649, -0.26259955763816833, -0.25401726365089417, -0.24543496966362, -0.23685266077518463, -0.22827035188674927, -0.2196880578994751, -0.21110576391220093, -0.20252345502376556, -0.1939411461353302, -0.18535885214805603, -0.17677655816078186, -0.1681942492723465, -0.15961194038391113, -0.15102964639663696, -0.1424473524093628, -0.13386504352092743, -0.12528273463249207, -0.1167004406452179, -0.10811813920736313, -0.09953583776950836, -0.0909535363316536, -0.08237123489379883, -0.07378893345594406, -0.0652066320180893, -0.05662433058023453, -0.04804202914237976, -0.039459727704524994, -0.030877426266670227, -0.02229512482881546, -0.013712823390960693, -0.0051305219531059265, 0.0034517794847488403, 0.012034080922603607, 0.020616382360458374, 0.02919868379831314, 0.03778098523616791, 0.046363286674022675, 0.05494558811187744, 0.06352788954973221, 0.07211019098758698, 0.08069249242544174, 0.08927479386329651, 0.09785709530115128, 0.10643939673900604, 0.11502169817686081, 0.12360399961471558, 0.13218629360198975, 0.1407686024904251, 0.14935091137886047, 0.15793320536613464, 0.1665154993534088, 0.17509780824184418, 0.18368011713027954, 0.1922624111175537, 0.20084470510482788, 0.20942701399326324, 0.2180093228816986, 0.22659161686897278, 0.23517391085624695, 0.2437562197446823, 0.2523385286331177, 0.26092082262039185]}, "parameters/model.fc.weight": {"_type": "histogram", "values": [1.0, 0.0, 0.0, 0.0, 0.0, 0.0, 0.0, 0.0, 0.0, 0.0, 0.0, 1.0, 1.0, 0.0, 0.0, 0.0, 0.0, 0.0, 0.0, 0.0, 0.0, 0.0, 0.0, 0.0, 1.0, 0.0, 0.0, 0.0, 0.0, 1.0, 0.0, 0.0, 0.0, 0.0, 0.0, 1.0, 0.0, 0.0, 1.0, 0.0, 0.0, 0.0, 0.0, 0.0, 0.0, 2.0, 0.0, 0.0, 0.0, 0.0, 0.0, 0.0, 0.0, 0.0, 0.0, 0.0, 1.0, 0.0, 0.0, 0.0, 0.0, 1.0, 0.0, 1.0],