{"parameters/model.lstm.weight_ih_l0": {"_type": "histogram", "values": [7.0, 7.0, 5.0, 5.0, 5.0, 4.0, 5.0, 10.0, 7.0, 5.0, 8.0, 7.0, 3.0, 5.0, 8.0, 5.0, 1.0, 3.0, 3.0, 9.0, 2.0, 8.0, 7.0, 7.0, 6.0, 9.0, 7.0, 6.0, 10.0, 7.0, 7.0, 9.0, 3.0, 6.0, 3.0, 5.0, 3.0, 7.0, 6.0, 9.0, 6.0, 4.0, 8.0, 2.0, 6.0, 7.0, 8.0, 4.0, 9.0, 2.0, 4.0, 8.0, 3.0, 8.0, 9.0, 4.0, 5.0, 7.0, 7.0, 7.0, 11.0, 4.0, 6.0, 6.0], "bins": [-0.28798210620880127, -0.2790471911430359, -0.2701122760772705, -0.26117733120918274, -0.25224241614341736, -0.24330750107765198, -0.2343725711107254, -0.22543764114379883, -0.21650272607803345, -0.20756781101226807, -0.1986328810453415, -0.18969795107841492, -0.18076303601264954, -0.17182812094688416, -0.16289319097995758, -0.153958261013031, -0.14502334594726562, -0.13608843088150024, -0.12715350091457367, -0.11821857839822769, -0.10928365588188171, -0.10034873336553574, -0.09141381084918976, -0.08247888833284378, -0.0735439658164978, -0.06460904330015182, -0.05567412078380585, -0.04673919826745987, -0.03780427575111389, -0.028869353234767914, -0.019934430718421936, -0.010999508202075958, -0.0020645856857299805, 0.006870336830615997, 0.015805259346961975, 0.024740181863307953, 0.03367510437965393, 0.04261002689599991, 0.051544949412345886, 0.060479871928691864, 0.06941479444503784, 0.07834971696138382, 0.0872846394777298, 0.09621956199407578, 0.10515448451042175, 0.11408940702676773, 0.12302432954311371, 0.13195925951004028, 0.14089417457580566, 0.14982908964157104, 0.15876401960849762, 0.1676989495754242, 0.17663386464118958, 0.18556877970695496, 0.19450370967388153, 0.2034386396408081, 0.2123735547065735, 0.22130846977233887, 0.23024339973926544, 0.23917832970619202, 0.2481132447719574, 0.2570481598377228, 0.26598310470581055, 0.2749180197715759, 0.2838529348373413]}, "parameters/model.lstm.weight_hh_l0": {"_type": "histogram", "values": [9.0, 6.0, 9.0, 10.0, 13.0, 9.0, 8.0, 10.0, 7.0, 15.0, 4.0, 10.0, 7.0, 6.0, 13.0, 11.0, 7.0, 10.0, 13.0, 11.0, 12.0, 9.0, 8.0, 6.0, 4.0, 8.0, 9.0, 5.0, 14.0, 6.0, 6.0, 6.0, 15.0, 9.0, 14.0, 6.0, 8.0, 17.0, 6.0, 12.0, 12.0, 10.0, 11.0, 8.0, 14.0, 11.0, 11.0, 5.0, 13.0, 5.0, 11.0, 10.0, 7.0, 11.0, 5.0, 9.0, 10.0, 7.0, 10.0, 5.0, 1.0, 6.0, 6.0, 10.0], "bins": [-0.28844839334487915, -0.2794341444969177, -0.2704199254512787, -0.26140567660331726, -0.2523914575576782, -0.2433772087097168, -0.23436297476291656, -0.22534874081611633, -0.2163344919681549, -0.20732025802135468, -0.19830602407455444, -0.18929177522659302, -0.18027754127979279, -0.17126330733299255, -0.16224907338619232, -0.1532348394393921, -0.14422060549259186, -0.13520637154579163, -0.1261921375989914, -0.11717789620161057, -0.10816365480422974, -0.0991494208574295, -0.09013518691062927, -0.08112094551324844, -0.07210671901702881, -0.06309248507022858, -0.05407824367284775, -0.045064009726047516, -0.036049772053956985, -0.027035534381866455, -0.018021300435066223, -0.009007059037685394, 7.18235969543457e-06, 0.00902141910046339, 0.018035655841231346, 0.027049891650676727, 0.03606412932276726, 0.04507836699485779, 0.05409260094165802, 0.06310684233903885, 0.07212108373641968, 0.08113531768321991, 0.09014955908060074, 0.09916379302740097, 0.1081780344247818, 0.11719226837158203, 0.12620650231838226, 0.1352207362651825, 0.14423497021198273, 0.15324920415878296, 0.1622634381055832, 0.17127767205238342, 0.18029192090034485, 0.18930615484714508, 0.1983203887939453, 0.20733463764190674, 0.21634885668754578, 0.225363090634346, 0.23437732458114624, 0.24339157342910767, 0.2524057924747467, 0.26142004132270813, 0.27043426036834717, 0.2794485092163086, 0.28846275806427]}, "parameters/model.lstm.bias_ih_l0": {"_type": "histogram", "values": [4.0, 1.0, 1.0, 0.0, 0.0, 1.0, 1.0, 0.0, 0.0, 0.0, 1.0, 0.0, 0.0, 0.0, 0.0, 2.0, 0.0, 2.0, 0.0, 0.0, 1.0, 0.0, 2.0, 0.0, 0.0, 2.0, 0.0, 0.0, 1.0, 0.0, 0.0, 0.0, 0.0, 1.0, 1.0, 0.0, 2.0, 2.0, 0.0, 0.0, 1.0, 1.0, 0.0, 2.0, 2.0, 5.0, 2.0, 0.0, 1.0, 0.0, 2.0, 1.0, 0.0, 0.0, 0.0, 0.0, 1.0, 1.0, 0.0, 1.0, 2.0, 0.0, 0.0, 1.0], "bins": [-0.28523752093315125, -0.27647051215171814, -0.26770350337028503, -0.25893649458885193, -0.2501694858074188, -0.24140246212482452, -0.23263545334339142, -0.2238684445619583, -0.215101420879364, -0.2063344120979309, -0.1975674033164978, -0.1888003945350647, -0.1800333708524704, -0.1712663620710373, -0.1624993532896042, -0.15373234450817108, -0.14496533572673798, -0.13619832694530487, -0.12743131816387177, -0.11866430193185806, -0.10989728569984436, -0.10113027691841125, -0.09236326813697815, -0.08359625935554504, -0.07482925057411194, -0.06606224179267883, -0.05729522556066513, -0.048528216779232025, -0.03976120427250862, -0.030994191765785217, -0.022227182984352112, -0.013460170477628708, -0.004693150520324707, 0.004073861055076122, 0.012840872630476952, 0.021607883274555206, 0.03037489578127861, 0.039141908288002014, 0.04790891706943512, 0.056675929576158524, 0.06544294953346252, 0.07420995831489563, 0.08297697454690933, 0.09174398332834244, 0.10051099956035614, 0.10927800834178925, 0.11804501712322235, 0.12681202590465546, 0.13557903468608856, 0.14434604346752167, 0.15311305224895477, 0.16188007593154907, 0.17064708471298218, 0.17941409349441528, 0.1881811022758484, 0.1969481110572815, 0.2057151198387146, 0.2144821286201477, 0.2232491374015808, 0.23201614618301392, 0.24078316986560822, 0.24955017864704132, 0.25831717252731323, 0.2670842111110687, 0.27585121989250183]}, "parameters/model.lstm.bias_hh_l0": {"_type": "histogram", "values": [2.0, 0.0, 1.0, 0.0, 0.0, 0.0, 0.0, 0.0, 1.0, 1.0, 1.0, 0.0, 0.0, 1.0, 0.0, 0.0, 3.0, 1.0, 0.0, 0.0, 2.0, 0.0, 0.0, 0.0, 1.0, 1.0, 1.0, 1.0, 3.0, 0.0, 0.0, 0.0, 1.0, 0.0, 0.0, 1.0, 0.0, 0.0, 2.0, 1.0, 0.0, 0.0, 2.0, 0.0, 0.0, 1.0, 0.0, 0.0, 0.0, 0.0, 1.0, 0.0, 0.0, 3.0, 1.0, 1.0, 1.0, 0.0, 5.0, 1.0, 2.0, 0.0, 2.0, 3.0], "bins": [-0.2501916289329529, -0.24224472045898438, -0.23429781198501587, -0.22635088860988617, -0.21840398013591766, -0.21045707166194916, -0.20251014828681946, -0.19456323981285095, -0.18661633133888245, -0.17866942286491394, -0.17072251439094543, -0.16277559101581573, -0.15482868254184723, -0.14688177406787872, -0.13893485069274902, -0.13098794221878052, -0.12304103374481201, -0.1150941252708435, -0.1071472093462944, -0.0992002934217453, -0.0912533849477768, -0.08330647647380829, -0.07535956054925919, -0.06741264462471008, -0.05946573615074158, -0.05151882395148277, -0.04357191175222397, -0.035624999552965164, -0.02767808735370636, -0.019731175154447556, -0.011784262955188751, -0.003837350755929947, 0.004109561443328857, 0.012056473642587662, 0.020003385841846466, 0.02795029804110527, 0.035897210240364075, 0.04384412243962288, 0.05179103463888168, 0.05973794683814049, 0.06768485903739929, 0.0756317675113678, 0.0835786834359169, 0.091525599360466, 0.09947250783443451, 0.10741941630840302, 0.11536633223295212, 0.12331324815750122, 0.13126015663146973, 0.13920706510543823, 0.14715397357940674, 0.15510089695453644, 0.16304780542850494, 0.17099471390247345, 0.17894163727760315, 0.18688854575157166, 0.19483545422554016, 0.20278236269950867, 0.21072927117347717, 0.21867619454860687, 0.22662310302257538, 0.23457001149654388, 0.24251693487167358, 0.2504638433456421, 0.2584107518196106]}, "parameters/model.fc.weight": {"_type": "histogram", "values": [2.0, 0.0, 0.0, 0.0, 0.0, 0.0, 0.0, 1.0, 0.0, 0.0, 0.0, 1.0, 0.0, 0.0, 0.0, 0.0, 0.0, 0.0, 0.0, 0.0, 1.0, 0.0, 1.0, 0.0, 0.0, 0.0, 0.0, 0.0, 0.0, 0.0, 0.0, 0.0, 0.0, 0.0, 0.0, 0.0, 1.0, 0.0, 0.0, 1.0, 0.0, 0.0, 0.0, 0.0, 0.0, 0.0, 1.0, 0.0, 0.0, 0.0, 0.0, 0.0, 0.0, 0.0, 0.0, 1.0, 0.0, 0.0, 0.0, 1.0, 0.0, 0.0, 0.0, 1.0],