{"parameters/model.lstm.weight_ih_l0": {"_type": "histogram", "values": [7.0, 4.0, 7.0, 7.0, 11.0, 6.0, 4.0, 4.0, 5.0, 7.0, 2.0, 10.0, 5.0, 3.0, 6.0, 2.0, 7.0, 14.0, 8.0, 7.0, 9.0, 5.0, 2.0, 9.0, 4.0, 7.0, 4.0, 11.0, 3.0, 3.0, 6.0, 4.0, 4.0, 6.0, 10.0, 7.0, 9.0, 3.0, 6.0, 3.0, 7.0, 5.0, 8.0, 5.0, 4.0, 6.0, 7.0, 8.0, 2.0, 5.0, 8.0, 3.0, 4.0, 7.0, 10.0, 6.0, 7.0, 7.0, 8.0, 4.0, 8.0, 5.0, 2.0, 7.0], "bins": [-0.287299782037735, -0.2783190608024597, -0.26933836936950684, -0.26035764813423157, -0.2513769268989563, -0.24239623546600342, -0.23341551423072815, -0.22443480789661407, -0.2154541015625, -0.20647339522838593, -0.19749268889427185, -0.18851196765899658, -0.1795312613248825, -0.17055055499076843, -0.16156983375549316, -0.1525891274213791, -0.14360842108726501, -0.13462771475315094, -0.12564700841903687, -0.1166662871837616, -0.10768558084964752, -0.09870487451553345, -0.08972416073083878, -0.0807434469461441, -0.07176274061203003, -0.06278203427791595, -0.05380132049322128, -0.04482061043381691, -0.03583990037441254, -0.026859190315008163, -0.01787848025560379, -0.008897766470909119, 8.296966552734375e-05, 0.009063679724931717, 0.01804438978433609, 0.027025099843740463, 0.036005809903144836, 0.04498651996254921, 0.05396723002195358, 0.06294794380664825, 0.07192865014076233, 0.0809093564748764, 0.08989007025957108, 0.09887078404426575, 0.10785149037837982, 0.1168321967124939, 0.12581291794776917, 0.13479362428188324, 0.14377433061599731, 0.1527550369501114, 0.16173574328422546, 0.17071646451950073, 0.1796971708536148, 0.18867787718772888, 0.19765859842300415, 0.20663930475711823, 0.2156200110912323, 0.22460071742534637, 0.23358142375946045, 0.24256214499473572, 0.251542866230011, 0.26052355766296387, 0.26950427889823914, 0.2784850001335144, 0.2874656915664673]}, "parameters/model.lstm.weight_hh_l0": {"_type": "histogram", "values": [8.0, 9.0, 7.0, 5.0, 8.0, 9.0, 13.0, 3.0, 12.0, 7.0, 10.0, 10.0, 9.0, 6.0, 5.0, 6.0, 12.0, 5.0, 10.0, 11.0, 7.0, 4.0, 9.0, 10.0, 6.0, 9.0, 11.0, 12.0, 7.0, 10.0, 10.0, 7.0, 2.0, 14.0, 14.0, 10.0, 14.0, 2.0, 5.0, 10.0, 10.0, 9.0, 9.0, 12.0, 7.0, 3.0, 11.0, 12.0, 6.0, 11.0, 13.0, 7.0, 8.0, 15.0, 11.0, 9.0, 10.0, 8.0, 8.0, 9.0, 17.0, 9.0, 7.0, 17.0], "bins": [-0.28840890526771545, -0.2793991267681122, -0.2703893184661865, -0.26137953996658325, -0.25236976146698, -0.24335996806621552, -0.23435017466545105, -0.22534039616584778, -0.2163306027650833, -0.20732080936431885, -0.19831103086471558, -0.1893012374639511, -0.18029144406318665, -0.17128166556358337, -0.1622718721628189, -0.15326207876205444, -0.14425230026245117, -0.1352425068616867, -0.12623272836208344, -0.11722293496131897, -0.1082131490111351, -0.09920336306095123, -0.09019356966018677, -0.0811837837100029, -0.07217399775981903, -0.06316421180963516, -0.054154422134160995, -0.04514463245868683, -0.03613484650850296, -0.027125060558319092, -0.018115270882844925, -0.009105481207370758, -9.569525718688965e-05, 0.008914092555642128, 0.017923880368471146, 0.026933668181300163, 0.03594345599412918, 0.04495324194431305, 0.053963031619787216, 0.06297282129526138, 0.07198260724544525, 0.08099239319562912, 0.09000217914581299, 0.09901197254657745, 0.10802175849676132, 0.11703154444694519, 0.12604133784770966, 0.13505113124847412, 0.1440609097480774, 0.15307070314884186, 0.16208048164844513, 0.1710902750492096, 0.18010005354881287, 0.18910984694957733, 0.1981196403503418, 0.20712941884994507, 0.21613921225070953, 0.225149005651474, 0.23415878415107727, 0.24316857755184174, 0.2521783709526062, 0.2611881494522095, 0.27019792795181274, 0.2792077362537384, 0.2882175147533417]}, "parameters/model.lstm.bias_ih_l0": {"_type": "histogram", "values": [1.0, 1.0, 0.0, 0.0, 2.0, 0.0, 0.0, 1.0, 1.0, 1.0, 0.0, 0.0, 2.0, 0.0, 2.0, 1.0, 2.0, 0.0, 1.0, 1.0, 2.0, 3.0, 1.0, 1.0, 0.0, 1.0, 2.0, 2.0, 1.0, 0.0, 0.0, 1.0, 0.0, 0.0, 1.0, 0.0, 1.0, 0.0, 0.0, 1.0, 0.0, 0.0, 0.0, 0.0, 3.0, 0.0, 1.0, 0.0, 0.0, 0.0, 0.0, 1.0, 1.0, 0.0, 0.0, 2.0, 1.0, 0.0, 0.0, 1.0, 1.0, 1.0, 1.0, 2.0], "bins": [-0.27678120136260986, -0.26814210414886475, -0.25950300693511963, -0.2508639395236969, -0.24222484230995178, -0.23358574509620667, -0.22494664788246155, -0.21630755066871643, -0.2076684683561325, -0.1990293711423874, -0.19039028882980347, -0.18175119161605835, -0.17311209440231323, -0.1644730120897293, -0.1558339148759842, -0.14719483256340027, -0.13855573534965515, -0.12991663813591003, -0.12127755582332611, -0.112638458609581, -0.10399936884641647, -0.09536027908325195, -0.08672118186950684, -0.07808209210634232, -0.0694430023431778, -0.060803912580013275, -0.052164819091558456, -0.04352572560310364, -0.03488663583993912, -0.026247546076774597, -0.01760845258831978, -0.00896935909986496, -0.00033023953437805176, 0.008308852091431618, 0.016947943717241287, 0.025587035343050957, 0.034226126968860626, 0.042865216732025146, 0.051504310220479965, 0.060143403708934784, 0.0687824934720993, 0.07742158323526382, 0.08606067299842834, 0.09469977021217346, 0.10333885997533798, 0.1119779497385025, 0.12061704695224762, 0.12925612926483154, 0.13789522647857666, 0.14653432369232178, 0.1551734060049057, 0.16381250321865082, 0.17245158553123474, 0.18109068274497986, 0.18972977995872498, 0.1983688771724701, 0.20700795948505402, 0.21564705669879913, 0.22428613901138306, 0.23292523622512817, 0.2415643334388733, 0.2502034306526184, 0.25884249806404114, 0.26748159527778625, 0.27612069249153137]}, "parameters/model.lstm.bias_hh_l0": {"_type": "histogram", "values": [1.0, 2.0, 1.0, 1.0, 1.0, 0.0, 1.0, 0.0, 0.0, 2.0, 0.0, 0.0, 1.0, 1.0, 0.0, 0.0, 0.0, 1.0, 2.0, 0.0, 2.0, 2.0, 1.0, 1.0, 1.0, 1.0, 0.0, 2.0, 0.0, 1.0, 0.0, 0.0, 1.0, 0.0, 0.0, 2.0, 2.0, 3.0, 0.0, 0.0, 0.0, 0.0, 0.0, 0.0, 0.0, 1.0, 1.0, 0.0, 1.0, 2.0, 0.0, 2.0, 0.0, 1.0, 1.0, 0.0, 1.0, 0.0, 1.0, 1.0, 1.0, 0.0, 0.0, 2.0], "bins": [-0.26472675800323486, -0.2563632130622864, -0.24799969792366028, -0.2396361529827118, -0.2312726229429245, -0.2229090929031372, -0.21454554796218872, -0.20618201792240143, -0.19781848788261414, -0.18945495784282684, -0.18109142780303955, -0.17272788286209106, -0.16436435282230377, -0.15600082278251648, -0.147637277841568, -0.1392737478017807, -0.1309102177619934, -0.12254668772220612, -0.11418315023183823, -0.10581961274147034, -0.09745608270168304, -0.08909255266189575, -0.08072901517152786, -0.07236547768115997, -0.06400194764137268, -0.05563841387629509, -0.0472748801112175, -0.03891134634613991, -0.030547812581062317, -0.022184278815984726, -0.013820745050907135, -0.005457211285829544, 0.002906322479248047, 0.011269856244325638, 0.01963339000940323, 0.02799692377448082, 0.03636045753955841, 0.044723991304636, 0.05308752506971359, 0.061451058834791183, 0.06981459259986877, 0.07817812263965607, 0.08654166013002396, 0.09490519762039185, 0.10326872766017914, 0.11163225769996643, 0.11999579519033432, 0.1283593326807022, 0.1367228627204895, 0.1450863927602768, 0.1534499228000641, 0.16181346774101257, 0.17017699778079987, 0.17854052782058716, 0.18690407276153564, 0.19526760280132294, 0.20363113284111023, 0.21199466288089752, 0.22035819292068481, 0.2287217378616333, 0.2370852679014206, 0.24544879794120789, 0.25381234288215637, 0.26217585802078247, 0.27053940296173096]}, "parameters/model.fc.weight": {"_type": "histogram", "values": [1.0, 0.0, 0.0, 0.0, 0.0, 0.0, 0.0, 0.0, 0.0, 0.0, 0.0, 0.0, 0.0, 0.0, 0.0, 0.0, 0.0, 0.0, 0.0, 0.0, 0.0, 0.0, 0.0, 1.0, 0.0, 0.0, 0.0, 0.0, 0.0, 0.0, 0.0, 1.0, 1.0, 0.0, 0.0, 0.0, 0.0, 3.0, 0.0, 0.0, 0.0, 0.0, 0.0, 0.0, 0.0, 0.0, 0.0, 0.0, 0.0, 0.0, 0.0, 0.0, 0.0, 0.0, 1.0, 0.0, 0.0, 3.0, 0.0, 0.0, 0.0, 0.0, 0.0, 1.0],