{"parameters/model.lstm.weight_ih_l0": {"_type": "histogram", "values": [3.0, 1.0, 9.0, 3.0, 7.0, 7.0, 8.0, 4.0, 4.0, 10.0, 5.0, 7.0, 7.0, 9.0, 5.0, 4.0, 3.0, 5.0, 4.0, 2.0, 9.0, 4.0, 4.0, 8.0, 3.0, 11.0, 5.0, 6.0, 10.0, 5.0, 7.0, 6.0, 8.0, 6.0, 6.0, 3.0, 4.0, 11.0, 3.0, 14.0, 5.0, 7.0, 7.0, 3.0, 11.0, 4.0, 3.0, 6.0, 6.0, 5.0, 5.0, 5.0, 12.0, 6.0, 8.0, 4.0, 8.0, 8.0, 7.0, 10.0, 5.0, 4.0, 2.0, 3.0], "bins": [-0.29625749588012695, -0.2869815230369568, -0.277705579996109, -0.26842960715293884, -0.25915366411209106, -0.2498776912689209, -0.24060171842575073, -0.23132576048374176, -0.2220498025417328, -0.21277384459972382, -0.20349788665771484, -0.19422191381454468, -0.1849459558725357, -0.17566999793052673, -0.16639402508735657, -0.1571180671453476, -0.14784210920333862, -0.13856615126132965, -0.12929019331932068, -0.12001422047615051, -0.11073826253414154, -0.10146230459213257, -0.092186339199543, -0.08291037380695343, -0.07363441586494446, -0.06435845792293549, -0.05508249253034592, -0.045806530863046646, -0.036530569195747375, -0.027254607528448105, -0.017978645861148834, -0.008702680468559265, 0.000573277473449707, 0.009849239140748978, 0.01912520080804825, 0.02840116247534752, 0.03767712414264679, 0.04695308580994606, 0.05622904747724533, 0.0655050128698349, 0.07478097081184387, 0.08405692875385284, 0.09333289414644241, 0.10260885953903198, 0.11188481748104095, 0.12116077542304993, 0.1304367482662201, 0.13971270620822906, 0.14898866415023804, 0.158264622092247, 0.16754058003425598, 0.17681655287742615, 0.18609251081943512, 0.1953684687614441, 0.20464444160461426, 0.21392039954662323, 0.2231963574886322, 0.23247231543064117, 0.24174827337265015, 0.2510242462158203, 0.2603002190589905, 0.26957616209983826, 0.2788521349430084, 0.2881280779838562, 0.29740405082702637]}, "parameters/model.lstm.weight_hh_l0": {"_type": "histogram", "values": [4.0, 4.0, 7.0, 15.0, 10.0, 12.0, 9.0, 8.0, 12.0, 10.0, 8.0, 8.0, 5.0, 10.0, 6.0, 9.0, 9.0, 15.0, 10.0, 7.0, 11.0, 12.0, 10.0, 9.0, 7.0, 12.0, 6.0, 6.0, 13.0, 7.0, 10.0, 11.0, 8.0, 4.0, 5.0, 12.0, 8.0, 8.0, 7.0, 15.0, 10.0, 6.0, 10.0, 17.0, 8.0, 12.0, 14.0, 5.0, 5.0, 8.0, 7.0, 10.0, 11.0, 12.0, 9.0, 12.0, 11.0, 14.0, 8.0, 7.0, 4.0, 8.0, 3.0, 6.0], "bins": [-0.2963410019874573, -0.28710290789604187, -0.27786481380462646, -0.26862674951553345, -0.25938865542411804, -0.25015056133270264, -0.24091248214244843, -0.2316744029521942, -0.2224363088607788, -0.2131982147693634, -0.2039601355791092, -0.19472205638885498, -0.18548396229743958, -0.17624586820602417, -0.16700778901576996, -0.15776970982551575, -0.14853161573410034, -0.13929352164268494, -0.13005544245243073, -0.12081735581159592, -0.11157926917076111, -0.1023411825299263, -0.09310309588909149, -0.08386500924825668, -0.07462692260742188, -0.06538883596658707, -0.05615074932575226, -0.04691266268491745, -0.03767457604408264, -0.028436489403247833, -0.019198402762413025, -0.009960316121578217, -0.0007222592830657959, 0.008515827357769012, 0.01775391399860382, 0.02699200063943863, 0.03623008728027344, 0.045468173921108246, 0.054706260561943054, 0.06394434720277786, 0.07318243384361267, 0.08242052048444748, 0.09165860712528229, 0.1008966937661171, 0.1101347804069519, 0.11937286704778671, 0.12861095368862152, 0.13784903287887573, 0.14708712697029114, 0.15632522106170654, 0.16556330025196075, 0.17480137944221497, 0.18403947353363037, 0.19327756762504578, 0.2025156468153, 0.2117537260055542, 0.2209918200969696, 0.230229914188385, 0.23946799337863922, 0.24870607256889343, 0.25794416666030884, 0.26718226075172424, 0.27642035484313965, 0.28565841913223267, 0.29489651322364807]}, "parameters/model.lstm.bias_ih_l0": {"_type": "histogram", "values": [1.0, 1.0, 1.0, 0.0, 2.0, 1.0, 2.0, 1.0, 0.0, 0.0, 0.0, 0.0, 2.0, 1.0, 2.0, 1.0, 0.0, 1.0, 1.0, 1.0, 2.0, 0.0, 0.0, 1.0, 0.0, 2.0, 0.0, 1.0, 1.0, 1.0, 3.0, 0.0, 1.0, 1.0, 1.0, 1.0, 1.0, 2.0, 2.0, 0.0, 1.0, 1.0, 0.0, 0.0, 0.0, 0.0, 0.0, 0.0, 1.0, 1.0, 1.0, 1.0, 0.0, 0.0, 0.0, 0.0, 0.0, 1.0, 2.0, 0.0, 0.0, 0.0, 0.0, 1.0], "bins": [-0.25389689207077026, -0.2456076592206955, -0.23731842637062073, -0.22902920842170715, -0.22073997557163239, -0.21245074272155762, -0.20416152477264404, -0.19587229192256927, -0.1875830590724945, -0.17929382622241974, -0.17100459337234497, -0.1627153754234314, -0.15442614257335663, -0.14613690972328186, -0.1378476917743683, -0.12955845892429352, -0.12126922607421875, -0.11297999322414398, -0.10469076782464981, -0.09640154242515564, -0.08811230957508087, -0.0798230767250061, -0.07153385132551193, -0.06324462592601776, -0.05495539307594299, -0.046666163951158524, -0.038376934826374054, -0.030087705701589584, -0.021798476576805115, -0.013509247452020645, -0.0052200183272361755, 0.003069210797548294, 0.011358439922332764, 0.019647669047117233, 0.027936898171901703, 0.03622612729668617, 0.04451535642147064, 0.05280458554625511, 0.06109381467103958, 0.06938304007053375, 0.07767227292060852, 0.08596150577068329, 0.09425073117017746, 0.10253995656967163, 0.1108291894197464, 0.11911842226982117, 0.12740764021873474, 0.1356968730688095, 0.14398610591888428, 0.15227533876895905, 0.1605645716190338, 0.1688537895679474, 0.17714302241802216, 0.18543225526809692, 0.1937214732170105, 0.20201070606708527, 0.21029993891716003, 0.2185891717672348, 0.22687840461730957, 0.23516762256622314, 0.2434568554162979, 0.2517460882663727, 0.26003530621528625, 0.2683245539665222, 0.2766137719154358]}, "parameters/model.lstm.bias_hh_l0": {"_type": "histogram", "values": [1.0, 2.0, 2.0, 1.0, 1.0, 2.0, 0.0, 0.0, 0.0, 2.0, 0.0, 1.0, 1.0, 1.0, 0.0, 1.0, 0.0, 2.0, 0.0, 0.0, 0.0, 0.0, 0.0, 1.0, 0.0, 0.0, 0.0, 0.0, 0.0, 0.0, 0.0, 0.0, 2.0, 1.0, 2.0, 1.0, 0.0, 0.0, 1.0, 1.0, 3.0, 1.0, 2.0, 1.0, 1.0, 1.0, 2.0, 1.0, 0.0, 0.0, 0.0, 0.0, 2.0, 1.0, 0.0, 1.0, 0.0, 1.0, 3.0, 0.0, 0.0, 1.0, 0.0, 1.0], "bins": [-0.29495692253112793, -0.28588178753852844, -0.27680665254592896, -0.26773154735565186, -0.25865641236305237, -0.24958127737045288, -0.2405061423778534, -0.2314310073852539, -0.22235587239265442, -0.21328073740005493, -0.20420561730861664, -0.19513048231601715, -0.18605534732341766, -0.17698022723197937, -0.16790509223937988, -0.1588299572467804, -0.1497548371553421, -0.14067970216274261, -0.13160458207130432, -0.12252944707870483, -0.11345431208610535, -0.10437918454408646, -0.09530405700206757, -0.08622892200946808, -0.07715380191802979, -0.0680786743760109, -0.05900353938341141, -0.04992841184139252, -0.04085328057408333, -0.03177814930677414, -0.02270302176475525, -0.013627886772155762, -0.004552751779556274, 0.00452237855643034, 0.013597508892416954, 0.022672638297080994, 0.03174776956439018, 0.04082290083169937, 0.04989802837371826, 0.05897316336631775, 0.06804829835891724, 0.07712342590093613, 0.08619856089353561, 0.0952736884355545, 0.10434882342815399, 0.11342395097017288, 0.12249907851219177, 0.13157421350479126, 0.14064933359622955, 0.14972446858882904, 0.15879958868026733, 0.16787472367286682, 0.1769498586654663, 0.1860249936580658, 0.1951001137495041, 0.20417524874210358, 0.21325036883354187, 0.22232550382614136, 0.23140062391757965, 0.24047575891017914, 0.24955089390277863, 0.2586260139942169, 0.2677011489868164, 0.2767762839794159, 0.2858514189720154]}, "parameters/model.fc.weight": {"_type": "histogram", "values": [1.0, 0.0, 0.0, 0.0, 0.0, 1.0, 0.0, 0.0, 0.0, 0.0, 0.0, 0.0, 0.0, 0.0, 1.0, 0.0, 0.0, 0.0, 0.0, 0.0, 0.0, 0.0, 0.0, 0.0, 1.0, 0.0, 0.0, 1.0, 0.0, 1.0, 0.0, 1.0, 0.0, 0.0, 0.0, 0.0, 0.0, 0.0, 0.0, 0.0, 0.0, 1.0, 0.0, 1.0, 1.0, 0.0, 0.0, 0.0, 0.0, 0.0, 0.0, 0.0, 0.0, 0.0, 0.0, 0.0, 0.0, 0.0, 0.0, 0.0, 0.0, 0.0, 0.0, 2.0],