{"parameters/model.lstm.weight_ih_l0": {"_type": "histogram", "values": [5.0, 7.0, 6.0, 5.0, 10.0, 5.0, 5.0, 7.0, 7.0, 3.0, 8.0, 5.0, 2.0, 5.0, 6.0, 9.0, 2.0, 5.0, 7.0, 11.0, 7.0, 7.0, 4.0, 11.0, 4.0, 4.0, 10.0, 8.0, 7.0, 10.0, 2.0, 8.0, 4.0, 2.0, 7.0, 8.0, 9.0, 3.0, 4.0, 7.0, 9.0, 4.0, 4.0, 5.0, 8.0, 6.0, 5.0, 3.0, 6.0, 6.0, 8.0, 3.0, 8.0, 2.0, 13.0, 6.0, 4.0, 2.0, 8.0, 5.0, 5.0, 5.0, 5.0, 8.0], "bins": [-0.2879943549633026, -0.27899304032325745, -0.2699916958808899, -0.2609903812408447, -0.2519890367984772, -0.242987722158432, -0.23398639261722565, -0.2249850630760193, -0.21598373353481293, -0.20698240399360657, -0.1979810744524002, -0.18897974491119385, -0.17997843027114868, -0.17097708582878113, -0.16197577118873596, -0.1529744416475296, -0.14397311210632324, -0.13497178256511688, -0.12597045302391052, -0.11696913093328476, -0.1079678013920784, -0.09896647185087204, -0.08996514976024628, -0.08096382021903992, -0.07196249067783356, -0.0629611611366272, -0.053959835320711136, -0.044958509504795074, -0.035957179963588715, -0.026955850422382355, -0.017954524606466293, -0.008953198790550232, 4.8100948333740234e-05, 0.00904942862689495, 0.01805075630545616, 0.027052083984017372, 0.03605341166257858, 0.04505474120378494, 0.054056067019701004, 0.06305739283561707, 0.07205872237682343, 0.08106005191802979, 0.09006138145923615, 0.09906270354986191, 0.10806403309106827, 0.11706536263227463, 0.1260666847229004, 0.13506801426410675, 0.1440693438053131, 0.15307067334651947, 0.16207200288772583, 0.1710733324289322, 0.18007466197013855, 0.18907597661018372, 0.19807730615139008, 0.20707863569259644, 0.2160799652338028, 0.22508129477500916, 0.23408262431621552, 0.24308395385742188, 0.25208526849746704, 0.2610866129398346, 0.27008792757987976, 0.2790892720222473, 0.2880905866622925]}, "parameters/model.lstm.weight_hh_l0": {"_type": "histogram", "values": [9.0, 11.0, 8.0, 7.0, 12.0, 8.0, 13.0, 10.0, 12.0, 4.0, 11.0, 12.0, 4.0, 6.0, 5.0, 13.0, 10.0, 10.0, 6.0, 14.0, 8.0, 11.0, 12.0, 10.0, 6.0, 9.0, 12.0, 5.0, 3.0, 16.0, 7.0, 7.0, 10.0, 14.0, 11.0, 10.0, 10.0, 12.0, 6.0, 8.0, 8.0, 5.0, 7.0, 10.0, 14.0, 5.0, 6.0, 11.0, 6.0, 6.0, 9.0, 9.0, 8.0, 6.0, 10.0, 8.0, 14.0, 8.0, 8.0, 9.0, 11.0, 12.0, 6.0, 8.0], "bins": [-0.2883407175540924, -0.2793424427509308, -0.27034416794776917, -0.26134586334228516, -0.25234758853912354, -0.24334931373596191, -0.2343510389328003, -0.22535276412963867, -0.21635447442531586, -0.20735619962215424, -0.19835790991783142, -0.1893596351146698, -0.18036136031150818, -0.17136307060718536, -0.16236479580402374, -0.15336650609970093, -0.1443682312965393, -0.13536995649337769, -0.12637166678905487, -0.11737339198589325, -0.10837510973215103, -0.09937682747840881, -0.09037855267524719, -0.08138027042150497, -0.07238198816776276, -0.06338370591402054, -0.05438542738556862, -0.0453871488571167, -0.03638886660337448, -0.027390584349632263, -0.018392305821180344, -0.009394027292728424, -0.00039574503898620605, 0.008602535352110863, 0.01760081574320793, 0.026599096134305, 0.03559737652540207, 0.04459565877914429, 0.05359393730759621, 0.06259221583604813, 0.07159049808979034, 0.08058878034353256, 0.08958706259727478, 0.0985853374004364, 0.10758361965417862, 0.11658190190792084, 0.12558017671108246, 0.13457846641540527, 0.1435767412185669, 0.15257501602172852, 0.16157330572605133, 0.17057158052921295, 0.17956987023353577, 0.1885681450366974, 0.197566419839859, 0.20656469464302063, 0.21556298434734344, 0.22456125915050507, 0.23355954885482788, 0.2425578236579895, 0.2515560984611511, 0.26055437326431274, 0.26955267786979675, 0.2785509526729584, 0.28754922747612]}, "parameters/model.lstm.bias_ih_l0": {"_type": "histogram", "values": [2.0, 1.0, 1.0, 0.0, 1.0, 0.0, 0.0, 2.0, 0.0, 0.0, 1.0, 1.0, 1.0, 2.0, 2.0, 1.0, 1.0, 1.0, 0.0, 0.0, 3.0, 1.0, 2.0, 1.0, 0.0, 0.0, 1.0, 1.0, 2.0, 0.0, 1.0, 0.0, 0.0, 1.0, 1.0, 0.0, 0.0, 0.0, 4.0, 0.0, 0.0, 0.0, 1.0, 3.0, 1.0, 1.0, 0.0, 1.0, 0.0, 2.0, 0.0, 0.0, 0.0, 0.0, 0.0, 0.0, 1.0, 0.0, 0.0, 0.0, 2.0, 0.0, 0.0, 1.0], "bins": [-0.2754138708114624, -0.2666166424751282, -0.25781938433647156, -0.24902215600013733, -0.2402249276638031, -0.23142768442630768, -0.22263044118881226, -0.21383321285247803, -0.2050359696149826, -0.19623872637748718, -0.18744149804115295, -0.17864425480365753, -0.1698470115661621, -0.16104978322982788, -0.15225253999233246, -0.14345529675483704, -0.1346580684185028, -0.12586082518100739, -0.11706359684467316, -0.10826635360717773, -0.09946911782026291, -0.09067188203334808, -0.08187463879585266, -0.07307740300893784, -0.06428016722202301, -0.055482931435108185, -0.04668569192290306, -0.03788845241069794, -0.02909121662378311, -0.020293980836868286, -0.011496741324663162, -0.0026995018124580383, 0.006097704172134399, 0.014894941821694374, 0.02369217947125435, 0.03248941898345947, 0.0412866547703743, 0.050083890557289124, 0.05888113006949425, 0.06767836958169937, 0.0764756053686142, 0.08527284115552902, 0.09407007694244385, 0.10286732017993927, 0.1116645559668541, 0.12046179175376892, 0.12925903499126434, 0.13805627822875977, 0.146853506565094, 0.15565074980258942, 0.16444797813892365, 0.17324522137641907, 0.1820424497127533, 0.19083969295024872, 0.19963693618774414, 0.20843416452407837, 0.2172314077615738, 0.2260286509990692, 0.23482587933540344, 0.24362312257289886, 0.2524203658103943, 0.2612175941467285, 0.27001482248306274, 0.27881208062171936, 0.2876093089580536]}, "parameters/model.lstm.bias_hh_l0": {"_type": "histogram", "values": [3.0, 2.0, 0.0, 0.0, 2.0, 0.0, 0.0, 0.0, 0.0, 2.0, 0.0, 1.0, 0.0, 0.0, 1.0, 2.0, 0.0, 0.0, 3.0, 1.0, 1.0, 0.0, 1.0, 1.0, 0.0, 0.0, 1.0, 1.0, 0.0, 1.0, 1.0, 2.0, 1.0, 0.0, 2.0, 1.0, 0.0, 0.0, 1.0, 2.0, 2.0, 0.0, 0.0, 2.0, 0.0, 0.0, 1.0, 0.0, 1.0, 1.0, 0.0, 0.0, 0.0, 0.0, 2.0, 1.0, 1.0, 0.0, 0.0, 0.0, 1.0, 0.0, 2.0, 1.0], "bins": [-0.26393863558769226, -0.2554398775100708, -0.24694113433361053, -0.23844239115715027, -0.2299436330795288, -0.22144487500190735, -0.21294613182544708, -0.20444738864898682, -0.19594863057136536, -0.1874498724937439, -0.17895112931728363, -0.17045238614082336, -0.1619536280632019, -0.15345486998558044, -0.14495612680912018, -0.1364573836326599, -0.12795862555503845, -0.11945987492799759, -0.11096112430095673, -0.10246237367391586, -0.093963623046875, -0.08546487241983414, -0.07696612179279327, -0.06846737116575241, -0.05996862053871155, -0.051469869911670685, -0.04297111928462982, -0.03447236865758896, -0.025973618030548096, -0.017474867403507233, -0.00897611677646637, -0.0004773661494255066, 0.008021414279937744, 0.016520164906978607, 0.02501891553401947, 0.03351766616106033, 0.042016416788101196, 0.05051516741514206, 0.05901391804218292, 0.06751266866922379, 0.07601141929626465, 0.08451016992330551, 0.09300892055034637, 0.10150767117738724, 0.1100064218044281, 0.11850517243146896, 0.12700392305850983, 0.1355026662349701, 0.14400142431259155, 0.152500182390213, 0.16099892556667328, 0.16949766874313354, 0.177996426820755, 0.18649518489837646, 0.19499392807483673, 0.203492671251297, 0.21199142932891846, 0.22049018740653992, 0.22898893058300018, 0.23748767375946045, 0.2459864318370819, 0.25448518991470337, 0.26298391819000244, 0.2714826762676239, 0.27998143434524536]}, "parameters/model.fc.weight": {"_type": "histogram", "values": [1.0, 0.0, 0.0, 0.0, 0.0, 0.0, 0.0, 0.0, 1.0, 0.0, 0.0, 0.0, 0.0, 0.0, 0.0, 0.0, 0.0, 0.0, 0.0, 0.0, 1.0, 0.0, 1.0, 1.0, 0.0, 0.0, 0.0, 0.0, 0.0, 0.0, 0.0, 0.0, 0.0, 0.0, 1.0, 1.0, 0.0, 0.0, 0.0, 0.0, 0.0, 1.0, 0.0, 1.0, 0.0, 0.0, 0.0, 0.0, 1.0, 0.0, 0.0, 0.0, 0.0, 0.0, 0.0, 0.0, 0.0, 0.0, 0.0, 1.0, 0.0, 0.0, 0.0, 1.0],